N225,TOPX,JGB,NIY,ES,NQ,NIY,AUL,TN,IBKNS,US10YT,US10YRT,MQN,USTEC,DE30,VIX,VX,USDJPY,EUROJPY ,EURO USD,BTC-USD,BTC
20000309,20000309,20000309,20000309,20200617,,,,,,,,,,,,,,,,,
20000608,20000608,20000608,20000608,20200918,,,,,,,,,,,,,,,,,
20000907,20000907,20000907,20000907,20201218,,,,,,,,,,,,,,,,,
20001207,20001207,20001207,20001207,,,,,,,,,,,,,,,,,,
20010308,20010308,20010308,20010308,,,,,,,,,,,,,,,,,,
20010607,20010607,20010607,20010607,,,,,,,,,,,,,,,,,,
20010913,20010913,20010913,20010913,,,,,,,,,,,,,,,,,,
20011213,20011213,20011213,20011213,,,,,,,,,,,,,,,,,,
20020307,20020307,20020307,20020307,,,,,,,,,,,,,,,,,,
20020613,20020613,20020613,20020613,,,,,,,,,,,,,,,,,,
20020912,20020912,20020912,20020912,,,,,,,,,,,,,,,,,,
20021212,20021212,20021212,20021212,,,,,,,,,,,,,,,,,,
20030312,20030312,20030312,20030312,,,,,,,,,,,,,,,,,,
20030612,20030612,20030612,20030612,,,,,,,,,,,,,,,,,,
20030911,20030911,20030911,20030911,,,,,,,,,,,,,,,,,,
20031211,20031211,20031211,20031211,,,,,,,,,,,,,,,,,,
20040311,20040311,20040311,20040311,,,,,,,,,,,,,,,,,,
20040610,20040610,20040610,20040610,,,,,,,,,,,,,,,,,,
20040909,20040909,20040909,20040909,,,,,,,,,,,,,,,,,,
20041209,20041209,20041209,20041209,,,,,,,,,,,,,,,,,,
20050310,20050310,20050310,20050310,,,,,,,,,,,,,,,,,,
20050609,20050609,20050609,20050609,,,,,,,,,,,,,,,,,,
20050908,20050908,20050908,20050908,,,,,,,,,,,,,,,,,,
20051208,20051208,20051208,20051208,,,,,,,,,,,,,,,,,,
20060309,20060309,20060309,20060309,,,,,,,,,,,,,,,,,,
20060608,20060608,20060608,20060608,,,,,,,,,,,,,,,,,,
20060907,20060907,20060907,20060907,,,,,,,,,,,,,,,,,,
20061207,20061207,20061207,20061207,,,,,,,,,,,,,,,,,,
20070308,20070308,20070308,20070308,,,,,,,,,,,,,,,,,,
20070607,20070607,20070607,20070607,,,,,,,,,,,,,,,,,,
20070913,20070913,20070913,20070913,,,,,,,,,,,,,,,,,,
20071213,20071213,20071213,20071213,,,,,,,,,,,,,,,,,,
20080313,20080313,20080313,20080313,,,,,,,,,,,,,,,,,,
20080612,20080612,20080612,20080612,,,,,,,,,,,,,,,,,,
20080911,20080911,20080911,20080911,,,,,,,,,,,,,,,,,,
20081211,20081211,20081211,20081211,,,,,,,,,,,,,,,,,,
20090312,20090312,20090312,20090312,,,,,,,,,,,,,,,,,,
20090611,20090611,20090611,20090611,,,,,,,,,,,,,,,,,,
20090910,20090910,20090910,20090910,,,,,,,,,,,,,,,,,,
20091210,20091210,20091210,20091210,,,,,,,,,,,,,,,,,,
20100311,20100311,20100311,20100311,,,,,,,,,,,,,,,,,,
20100610,20100610,20100610,20100610,,,,,,,,,,,,,,,,,,
20100909,20100909,20100909,20100909,,,,,,,,,,,,,,,,,,
20101209,20101209,20101209,20101209,,,,,,,,,,,,,,,,,,
20110310,20110310,20110310,20110310,,,,,,,,,,,,,,,,,,
20110609,20110609,20110609,20110609,,,,,,,,,,,,,,,,,,
20110908,20110908,20110908,20110908,,,,,,,,,,,,,,,,,,
20111208,20111208,20111208,20111208,,,,,,,,,,,,,,,,,,
20120308,20120308,20120308,20120308,,,,,,,,,,,,,,,,,,
20120607,20120607,20120607,20120607,,,,,,,,,,,,,,,,,,
20120913,20120913,20120913,20120913,,,,,,,,,,,,,,,,,,
20121213,20121213,20121213,20121213,,,,,,,,,,,,,,,,,,
20130307,20130307,20130307,20130307,,,,,,,,,,,,,,,,,,
20130613,20130613,20130613,20130613,,,,,,,,,,,,,,,,,,
20130912,20130912,20130912,20130912,,,,,,,,,,,,,,,,,,
20131212,20131212,20131212,20131212,,,,,,,,,,,,,,,,,,
20140313,20140313,20140313,20140313,,,,,,,,,,,,,,,,,,
20140612,20140612,20140612,20140612,,,,,,,,,,,,,,,,,,
20140911,20140911,20140911,20140911,,,,,,,,,,,,,,,,,,
20141211,20141211,20141211,20141211,,,,,,,,,,,,,,,,,,
20150312,20150312,20150312,20150312,,,,,,,,,,,,,,,,,,
20150611,20150611,20150611,20150611,,,,,,,,,,,,,,,,,,
20150910,20150910,20150910,20150910,,,,,,,,,,,,,,,,,,
20151210,20151210,20151210,20151210,,,,,,,,,,,,,,,,,,
20160310,20160310,20160310,20160310,,,,,,,,,,,,,,,,,,
20160609,20160609,20160609,20160609,,,,,,,,,,,,,,,,,,
20160908,20160908,20160908,20160908,,,,,,,,,,,,,,,,,,
20161208,20161208,20161208,20161208,,,,,,,,,,,,,,,,,,
20170309,20170309,20170309,20170309,,,,,,,,,,,,,,,,,,
20170608,20170608,20170608,20170608,,,,,,,,,,,,,,,,,,
20170907,20170907,20170907,20170907,,,,,,,,,,,,,,,,,,
20171207,20171207,20171207,20171207,,,,,,,,,,,,,,,,,,
20180308,20180308,20180308,20180308,,,,,,,,,,,,,,,,,,
20180607,20180607,20180607,20180607,,,,,,,,,,,,,,,,,,
20180913,20180913,20180913,20180913,,,,,,,,,,,,,,,,,,
20181213,20181213,20181213,20181213,,,,,,,,,,,,,,,,,,
20190307,20190307,20190307,20190307,,,,,,,,,,,,,,,,,,
20190613,20190613,20190613,20190613,,,,,,,,,,,,,,,,,,
20190912,20190912,20190912,20190912,,,,,,,,,,,,,,,,,,
20191212,20191212,20191212,20191212,,,,,,,,,,,,,,,,,,
20200312,20200312,20200312,20200312,,,,,,,,,,,,,,,,,,
20200611,20200611,20200611,20200611,,,,,,,,,,,,,,,,,,
20200910,20200910,20200910,20200910,,,,,,,,,,,,,,,,,,
20201210,20201210,20201210,20201210,,,,,,,,,,,,,,,,,,
20210311,20210311,20210311,20210311,,,,,,,,,,,,,,,,,,
20210610,20210610,20210610,20210610,,,,,,,,,,,,,,,,,,
20210909,20210909,20210909,20210909,,,,,,,,,,,,,,,,,,
20211209,20211209,20211209,20211209,,,,,,,,,,,,,,,,,,
20220310,20220310,20220310,20220310,,,,,,,,,,,,,,,,,,
20220609,20220609,20220609,20220609,,,,,,,,,,,,,,,,,,
20220908,20220908,20220908,20220908,,,,,,,,,,,,,,,,,,
20221208,20221208,20221208,20221208,,,,,,,,,,,,,,,,,,
20230309,20230309,20230309,20230309,,,,,,,,,,,,,,,,,,
20230608,20230608,20230608,20230608,,,,,,,,,,,,,,,,,,
20230907,20230907,20230907,20230907,,,,,,,,,,,,,,,,,,
20231207,20231207,20231207,20231207,,,,,,,,,,,,,,,,,,
20240307,20240307,20240307,20240307,,,,,,,,,,,,,,,,,,
20240613,20240613,20240613,20240613,,,,,,,,,,,,,,,,,,
20240912,20240912,20240912,20240912,,,,,,,,,,,,,,,,,,
20241212,20241212,20241212,20241212,,,,,,,,,,,,,,,,,,
20250312,20250312,20250312,20250312,,,,,,,,,,,,,,,,,,
20250612,20250612,20250612,20250612,,,,,,,,,,,,,,,,,,
20250911,20250911,20250911,20250911,,,,,,,,,,,,,,,,,,
20251211,20251211,20251211,20251211,,,,,,,,,,,,,,,,,,
20260312,20260312,20260312,20260312,,,,,,,,,,,,,,,,,,
