expiry,date,open,high,low,close,volume,barcount
20201210,20201124  16:31:00,26260.0,26260.0,26250.0,26250.0,122,39
20201210,20201124  16:32:00,26250.0,26260.0,26250.0,26250.0,71,39
20201210,20201124  16:33:00,26250.0,26260.0,26250.0,26260.0,23,16
20201210,20201124  16:34:00,26250.0,26250.0,26240.0,26240.0,16,9
20201210,20201124  16:35:00,26240.0,26240.0,26240.0,26240.0,1,1
20201210,20201124  16:36:00,26240.0,26240.0,26240.0,26240.0,0,0
20201210,20201124  16:37:00,26240.0,26250.0,26240.0,26250.0,97,53
20201210,20201124  16:38:00,26250.0,26250.0,26250.0,26250.0,0,0
20201210,20201124  16:39:00,26250.0,26250.0,26240.0,26240.0,50,25
20201210,20201124  16:40:00,26240.0,26250.0,26240.0,26250.0,36,18
20201210,20201124  16:41:00,26250.0,26250.0,26250.0,26250.0,1,1
20201210,20201124  16:42:00,26240.0,26250.0,26240.0,26250.0,47,27
20201210,20201124  16:43:00,26250.0,26250.0,26250.0,26250.0,46,34
20201210,20201124  16:44:00,26250.0,26250.0,26250.0,26250.0,7,5
20201210,20201124  16:45:00,26240.0,26240.0,26240.0,26240.0,23,17
20201210,20201124  16:46:00,26240.0,26240.0,26230.0,26230.0,58,32
20201210,20201124  16:47:00,26230.0,26230.0,26230.0,26230.0,95,49
20201210,20201124  16:48:00,26230.0,26230.0,26230.0,26230.0,22,16
20201210,20201124  16:49:00,26230.0,26230.0,26220.0,26220.0,9,7
20201210,20201124  16:50:00,26230.0,26230.0,26230.0,26230.0,3,1
20201210,20201124  16:51:00,26240.0,26240.0,26240.0,26240.0,13,8
20201210,20201124  16:52:00,26250.0,26250.0,26250.0,26250.0,12,9
20201210,20201124  16:53:00,26240.0,26240.0,26240.0,26240.0,49,25
20201210,20201124  16:54:00,26240.0,26240.0,26240.0,26240.0,0,0
20201210,20201124  16:55:00,26240.0,26240.0,26240.0,26240.0,7,5
20201210,20201124  16:56:00,26240.0,26240.0,26240.0,26240.0,0,0
20201210,20201124  16:57:00,26230.0,26230.0,26230.0,26230.0,12,8
20201210,20201124  16:58:00,26230.0,26240.0,26230.0,26240.0,10,4
20201210,20201124  16:59:00,26240.0,26240.0,26240.0,26240.0,41,22
20201210,20201124  17:00:00,26250.0,26250.0,26250.0,26250.0,167,73
20201210,20201124  17:01:00,26260.0,26280.0,26260.0,26280.0,242,89
20201210,20201124  17:02:00,26290.0,26310.0,26280.0,26280.0,356,175
20201210,20201124  17:03:00,26290.0,26290.0,26280.0,26290.0,80,50
20201210,20201124  17:04:00,26280.0,26280.0,26280.0,26280.0,34,21
20201210,20201124  17:05:00,26280.0,26280.0,26260.0,26260.0,58,46
20201210,20201124  17:06:00,26270.0,26270.0,26270.0,26270.0,53,32
20201210,20201124  17:07:00,26270.0,26270.0,26270.0,26270.0,25,10
20201210,20201124  17:08:00,26270.0,26270.0,26270.0,26270.0,74,26
20201210,20201124  17:09:00,26270.0,26280.0,26270.0,26280.0,43,29
20201210,20201124  17:10:00,26280.0,26290.0,26280.0,26280.0,87,55
20201210,20201124  17:11:00,26290.0,26290.0,26280.0,26290.0,123,85
20201210,20201124  17:12:00,26290.0,26290.0,26290.0,26290.0,55,34
20201210,20201124  17:13:00,26290.0,26290.0,26280.0,26280.0,17,14
20201210,20201124  17:14:00,26290.0,26290.0,26290.0,26290.0,31,23
20201210,20201124  17:15:00,26290.0,26290.0,26290.0,26290.0,12,10
20201210,20201124  17:16:00,26280.0,26290.0,26280.0,26290.0,23,15
20201210,20201124  17:17:00,26280.0,26280.0,26270.0,26270.0,37,29
20201210,20201124  17:18:00,26270.0,26270.0,26270.0,26270.0,17,14
20201210,20201124  17:19:00,26270.0,26270.0,26270.0,26270.0,15,11
20201210,20201124  17:20:00,26270.0,26270.0,26270.0,26270.0,53,29
20201210,20201124  17:21:00,26270.0,26280.0,26270.0,26280.0,24,17
20201210,20201124  17:22:00,26280.0,26280.0,26280.0,26280.0,57,26
20201210,20201124  17:23:00,26290.0,26290.0,26290.0,26290.0,24,14
20201210,20201124  17:24:00,26300.0,26310.0,26300.0,26310.0,146,79
20201210,20201124  17:25:00,26320.0,26320.0,26300.0,26300.0,86,48
20201210,20201124  17:26:00,26300.0,26300.0,26280.0,26280.0,43,30
20201210,20201124  17:27:00,26280.0,26280.0,26280.0,26280.0,35,12
20201210,20201124  17:28:00,26280.0,26280.0,26280.0,26280.0,28,8
20201210,20201124  17:29:00,26290.0,26300.0,26290.0,26300.0,49,30
20201210,20201124  17:30:00,26290.0,26290.0,26280.0,26280.0,58,37
20201210,20201124  17:31:00,26270.0,26270.0,26260.0,26260.0,52,42
20201210,20201124  17:32:00,26270.0,26270.0,26270.0,26270.0,20,13
20201210,20201124  17:33:00,26270.0,26280.0,26270.0,26280.0,43,25
20201210,20201124  17:34:00,26280.0,26280.0,26270.0,26280.0,71,43
20201210,20201124  17:35:00,26280.0,26290.0,26280.0,26290.0,58,33
20201210,20201124  17:36:00,26290.0,26290.0,26280.0,26280.0,26,16
20201210,20201124  17:37:00,26280.0,26280.0,26270.0,26280.0,66,46
20201210,20201124  17:38:00,26280.0,26280.0,26280.0,26280.0,46,33
20201210,20201124  17:39:00,26270.0,26280.0,26270.0,26280.0,52,33
20201210,20201124  17:40:00,26280.0,26280.0,26270.0,26270.0,27,13
20201210,20201124  17:41:00,26270.0,26270.0,26270.0,26270.0,48,16
20201210,20201124  17:42:00,26260.0,26280.0,26260.0,26280.0,70,39
20201210,20201124  17:43:00,26270.0,26270.0,26260.0,26270.0,25,12
20201210,20201124  17:44:00,26260.0,26270.0,26260.0,26270.0,7,5
20201210,20201124  17:45:00,26260.0,26260.0,26260.0,26260.0,56,23
20201210,20201124  17:46:00,26260.0,26260.0,26260.0,26260.0,14,8
20201210,20201124  17:47:00,26260.0,26260.0,26260.0,26260.0,0,0
20201210,20201124  17:48:00,26260.0,26260.0,26260.0,26260.0,37,21
20201210,20201124  17:49:00,26260.0,26260.0,26260.0,26260.0,0,0
20201210,20201124  17:50:00,26270.0,26270.0,26260.0,26260.0,14,10
20201210,20201124  17:51:00,26270.0,26280.0,26270.0,26270.0,91,54
20201210,20201124  17:52:00,26260.0,26270.0,26260.0,26260.0,59,32
20201210,20201124  17:53:00,26260.0,26260.0,26260.0,26260.0,20,14
20201210,20201124  17:54:00,26260.0,26260.0,26260.0,26260.0,12,8
20201210,20201124  17:55:00,26270.0,26270.0,26270.0,26270.0,17,13
20201210,20201124  17:56:00,26270.0,26280.0,26270.0,26280.0,72,36
20201210,20201124  17:57:00,26280.0,26280.0,26280.0,26280.0,42,30
20201210,20201124  17:58:00,26270.0,26280.0,26270.0,26280.0,107,53
20201210,20201124  17:59:00,26280.0,26280.0,26280.0,26280.0,0,0
20201210,20201124  18:00:00,26280.0,26280.0,26270.0,26270.0,55,25
20201210,20201124  18:01:00,26270.0,26270.0,26250.0,26250.0,126,50
20201210,20201124  18:02:00,26250.0,26250.0,26250.0,26250.0,8,5
20201210,20201124  18:03:00,26260.0,26260.0,26260.0,26260.0,21,14
20201210,20201124  18:04:00,26260.0,26270.0,26260.0,26270.0,18,7
20201210,20201124  18:05:00,26270.0,26270.0,26270.0,26270.0,3,3
20201210,20201124  18:06:00,26280.0,26280.0,26280.0,26280.0,41,28
20201210,20201124  18:07:00,26290.0,26300.0,26290.0,26290.0,74,35
20201210,20201124  18:08:00,26290.0,26290.0,26290.0,26290.0,19,14
20201210,20201124  18:09:00,26290.0,26290.0,26290.0,26290.0,25,17
20201210,20201124  18:10:00,26280.0,26280.0,26280.0,26280.0,19,11
20201210,20201124  18:11:00,26290.0,26290.0,26290.0,26290.0,53,31
20201210,20201124  18:12:00,26290.0,26290.0,26290.0,26290.0,9,7
20201210,20201124  18:13:00,26290.0,26290.0,26290.0,26290.0,3,3
20201210,20201124  18:14:00,26290.0,26290.0,26290.0,26290.0,1,1
20201210,20201124  18:15:00,26290.0,26290.0,26290.0,26290.0,0,0
20201210,20201124  18:16:00,26290.0,26290.0,26290.0,26290.0,0,0
20201210,20201124  18:17:00,26290.0,26290.0,26280.0,26280.0,18,12
20201210,20201124  18:18:00,26290.0,26290.0,26290.0,26290.0,40,22
20201210,20201124  18:19:00,26290.0,26290.0,26290.0,26290.0,35,24
20201210,20201124  18:20:00,26290.0,26290.0,26290.0,26290.0,2,2
20201210,20201124  18:21:00,26290.0,26290.0,26290.0,26290.0,3,3
20201210,20201124  18:22:00,26290.0,26290.0,26290.0,26290.0,1,1
20201210,20201124  18:23:00,26280.0,26280.0,26280.0,26280.0,22,16
20201210,20201124  18:24:00,26280.0,26280.0,26280.0,26280.0,0,0
20201210,20201124  18:25:00,26280.0,26280.0,26280.0,26280.0,22,17
20201210,20201124  18:26:00,26270.0,26270.0,26270.0,26270.0,46,25
20201210,20201124  18:27:00,26270.0,26270.0,26270.0,26270.0,6,5
20201210,20201124  18:28:00,26270.0,26270.0,26270.0,26270.0,6,4
20201210,20201124  18:29:00,26270.0,26270.0,26270.0,26270.0,0,0
20201210,20201124  18:30:00,26280.0,26280.0,26280.0,26280.0,46,22
20201210,20201124  18:31:00,26280.0,26280.0,26280.0,26280.0,4,4
20201210,20201124  18:32:00,26280.0,26280.0,26280.0,26280.0,11,4
20201210,20201124  18:33:00,26280.0,26280.0,26280.0,26280.0,19,10
20201210,20201124  18:34:00,26280.0,26290.0,26280.0,26290.0,45,24
20201210,20201124  18:35:00,26290.0,26290.0,26290.0,26290.0,9,5
20201210,20201124  18:36:00,26290.0,26290.0,26290.0,26290.0,27,14
20201210,20201124  18:37:00,26290.0,26290.0,26290.0,26290.0,0,0
20201210,20201124  18:38:00,26290.0,26290.0,26290.0,26290.0,0,0
20201210,20201124  18:39:00,26290.0,26290.0,26290.0,26290.0,33,17
20201210,20201124  18:40:00,26290.0,26290.0,26290.0,26290.0,1,1
20201210,20201124  18:41:00,26290.0,26290.0,26290.0,26290.0,9,5
20201210,20201124  18:42:00,26290.0,26290.0,26290.0,26290.0,2,2
20201210,20201124  18:43:00,26290.0,26290.0,26290.0,26290.0,0,0
20201210,20201124  18:44:00,26290.0,26290.0,26290.0,26290.0,17,12
20201210,20201124  18:45:00,26290.0,26290.0,26290.0,26290.0,7,2
20201210,20201124  18:46:00,26290.0,26290.0,26290.0,26290.0,2,2
20201210,20201124  18:47:00,26290.0,26290.0,26290.0,26290.0,108,27
20201210,20201124  18:48:00,26290.0,26290.0,26290.0,26290.0,0,0
20201210,20201124  18:49:00,26290.0,26290.0,26290.0,26290.0,20,11
20201210,20201124  18:50:00,26290.0,26300.0,26290.0,26300.0,28,13
20201210,20201124  18:51:00,26300.0,26310.0,26300.0,26300.0,117,37
20201210,20201124  18:52:00,26310.0,26310.0,26300.0,26300.0,13,8
20201210,20201124  18:53:00,26300.0,26300.0,26300.0,26300.0,66,41
20201210,20201124  18:54:00,26300.0,26300.0,26300.0,26300.0,6,5
20201210,20201124  18:55:00,26300.0,26300.0,26300.0,26300.0,0,0
20201210,20201124  18:56:00,26300.0,26300.0,26300.0,26300.0,0,0
20201210,20201124  18:57:00,26300.0,26300.0,26300.0,26300.0,42,25
20201210,20201124  18:58:00,26300.0,26300.0,26300.0,26300.0,1,1
20201210,20201124  18:59:00,26300.0,26300.0,26300.0,26300.0,0,0
20201210,20201124  19:00:00,26300.0,26300.0,26300.0,26300.0,2,1
20201210,20201124  19:01:00,26300.0,26300.0,26300.0,26300.0,27,13
20201210,20201124  19:02:00,26300.0,26300.0,26300.0,26300.0,4,4
20201210,20201124  19:03:00,26300.0,26300.0,26300.0,26300.0,18,11
20201210,20201124  19:04:00,26300.0,26300.0,26300.0,26300.0,0,0
20201210,20201124  19:05:00,26300.0,26300.0,26300.0,26300.0,0,0
20201210,20201124  19:06:00,26300.0,26300.0,26300.0,26300.0,0,0
20201210,20201124  19:07:00,26300.0,26300.0,26300.0,26300.0,7,7
20201210,20201124  19:08:00,26300.0,26300.0,26300.0,26300.0,0,0
20201210,20201124  19:09:00,26300.0,26300.0,26300.0,26300.0,2,1
20201210,20201124  19:10:00,26300.0,26300.0,26300.0,26300.0,0,0
20201210,20201124  19:11:00,26300.0,26300.0,26300.0,26300.0,110,42
20201210,20201124  19:12:00,26300.0,26300.0,26300.0,26300.0,10,8
20201210,20201124  19:13:00,26300.0,26310.0,26300.0,26310.0,56,30
20201210,20201124  19:14:00,26320.0,26320.0,26320.0,26320.0,3,3
20201210,20201124  19:15:00,26310.0,26320.0,26310.0,26310.0,30,7
20201210,20201124  19:16:00,26310.0,26310.0,26310.0,26310.0,0,0
20201210,20201124  19:17:00,26300.0,26300.0,26300.0,26300.0,40,19
20201210,20201124  19:18:00,26300.0,26300.0,26300.0,26300.0,0,0
20201210,20201124  19:19:00,26300.0,26300.0,26300.0,26300.0,1,1
20201210,20201124  19:20:00,26300.0,26300.0,26300.0,26300.0,0,0
20201210,20201124  19:21:00,26300.0,26300.0,26300.0,26300.0,20,12
20201210,20201124  19:22:00,26300.0,26300.0,26300.0,26300.0,0,0
20201210,20201124  19:23:00,26300.0,26300.0,26300.0,26300.0,0,0
20201210,20201124  19:24:00,26300.0,26310.0,26300.0,26310.0,36,25
20201210,20201124  19:25:00,26310.0,26310.0,26300.0,26310.0,45,29
20201210,20201124  19:26:00,26320.0,26320.0,26320.0,26320.0,109,57
20201210,20201124  19:27:00,26310.0,26330.0,26310.0,26330.0,111,65
20201210,20201124  19:28:00,26330.0,26330.0,26320.0,26320.0,34,21
20201210,20201124  19:29:00,26310.0,26310.0,26310.0,26310.0,16,7
20201210,20201124  19:30:00,26310.0,26310.0,26310.0,26310.0,0,0
20201210,20201124  19:31:00,26320.0,26320.0,26320.0,26320.0,33,22
20201210,20201124  19:32:00,26320.0,26330.0,26320.0,26320.0,39,26
20201210,20201124  19:33:00,26320.0,26320.0,26320.0,26320.0,0,0
20201210,20201124  19:34:00,26320.0,26320.0,26320.0,26320.0,7,6
20201210,20201124  19:35:00,26320.0,26320.0,26320.0,26320.0,13,9
20201210,20201124  19:36:00,26320.0,26320.0,26320.0,26320.0,1,1
20201210,20201124  19:37:00,26320.0,26320.0,26320.0,26320.0,18,12
20201210,20201124  19:38:00,26320.0,26320.0,26320.0,26320.0,0,0
20201210,20201124  19:39:00,26320.0,26320.0,26320.0,26320.0,9,5
20201210,20201124  19:40:00,26320.0,26320.0,26320.0,26320.0,0,0
20201210,20201124  19:41:00,26320.0,26320.0,26320.0,26320.0,29,17
20201210,20201124  19:42:00,26320.0,26320.0,26320.0,26320.0,1,1
20201210,20201124  19:43:00,26320.0,26320.0,26320.0,26320.0,0,0
20201210,20201124  19:44:00,26320.0,26320.0,26320.0,26320.0,0,0
20201210,20201124  19:45:00,26320.0,26320.0,26320.0,26320.0,0,0
20201210,20201124  19:46:00,26320.0,26320.0,26320.0,26320.0,13,6
20201210,20201124  19:47:00,26320.0,26320.0,26320.0,26320.0,22,14
20201210,20201124  19:48:00,26320.0,26320.0,26320.0,26320.0,14,10
20201210,20201124  19:49:00,26320.0,26320.0,26320.0,26320.0,8,6
20201210,20201124  19:50:00,26320.0,26320.0,26320.0,26320.0,0,0
20201210,20201124  19:51:00,26320.0,26320.0,26320.0,26320.0,0,0
20201210,20201124  19:52:00,26320.0,26320.0,26320.0,26320.0,0,0
20201210,20201124  19:53:00,26320.0,26320.0,26320.0,26320.0,0,0
20201210,20201124  19:54:00,26320.0,26320.0,26320.0,26320.0,0,0
20201210,20201124  19:55:00,26330.0,26330.0,26330.0,26330.0,37,27
20201210,20201124  19:56:00,26330.0,26340.0,26330.0,26340.0,7,3
20201210,20201124  19:57:00,26340.0,26340.0,26340.0,26340.0,2,1
20201210,20201124  19:58:00,26340.0,26340.0,26330.0,26330.0,2,2
20201210,20201124  19:59:00,26340.0,26350.0,26340.0,26340.0,149,66
20201210,20201124  20:00:00,26340.0,26340.0,26340.0,26340.0,1,1
20201210,20201124  20:01:00,26340.0,26340.0,26340.0,26340.0,0,0
20201210,20201124  20:02:00,26340.0,26340.0,26340.0,26340.0,22,8
20201210,20201124  20:03:00,26340.0,26340.0,26340.0,26340.0,31,13
20201210,20201124  20:04:00,26340.0,26340.0,26340.0,26340.0,10,7
20201210,20201124  20:05:00,26350.0,26360.0,26350.0,26350.0,90,48
20201210,20201124  20:06:00,26350.0,26350.0,26350.0,26350.0,33,23
20201210,20201124  20:07:00,26350.0,26350.0,26350.0,26350.0,2,1
20201210,20201124  20:08:00,26360.0,26370.0,26360.0,26360.0,70,40
20201210,20201124  20:09:00,26360.0,26360.0,26360.0,26360.0,0,0
20201210,20201124  20:10:00,26360.0,26360.0,26360.0,26360.0,1,1
20201210,20201124  20:11:00,26370.0,26370.0,26370.0,26370.0,38,19
20201210,20201124  20:12:00,26370.0,26370.0,26360.0,26360.0,18,14
20201210,20201124  20:13:00,26360.0,26370.0,26360.0,26370.0,20,13
20201210,20201124  20:14:00,26360.0,26360.0,26350.0,26350.0,46,26
20201210,20201124  20:15:00,26350.0,26350.0,26350.0,26350.0,0,0
20201210,20201124  20:16:00,26350.0,26360.0,26350.0,26360.0,3,3
20201210,20201124  20:17:00,26360.0,26360.0,26360.0,26360.0,0,0
20201210,20201124  20:18:00,26360.0,26360.0,26360.0,26360.0,0,0
20201210,20201124  20:19:00,26360.0,26360.0,26360.0,26360.0,21,13
20201210,20201124  20:20:00,26360.0,26360.0,26360.0,26360.0,0,0
20201210,20201124  20:21:00,26360.0,26360.0,26360.0,26360.0,6,4
20201210,20201124  20:22:00,26360.0,26360.0,26360.0,26360.0,35,23
20201210,20201124  20:23:00,26360.0,26360.0,26360.0,26360.0,0,0
20201210,20201124  20:24:00,26360.0,26360.0,26360.0,26360.0,0,0
20201210,20201124  20:25:00,26360.0,26360.0,26360.0,26360.0,33,23
20201210,20201124  20:26:00,26360.0,26360.0,26360.0,26360.0,2,2
20201210,20201124  20:27:00,26360.0,26360.0,26360.0,26360.0,32,16
20201210,20201124  20:28:00,26360.0,26360.0,26360.0,26360.0,7,3
20201210,20201124  20:29:00,26360.0,26360.0,26360.0,26360.0,31,22
20201210,20201124  20:30:00,26360.0,26360.0,26360.0,26360.0,0,0
20201210,20201124  20:31:00,26360.0,26360.0,26360.0,26360.0,0,0
20201210,20201124  20:32:00,26360.0,26360.0,26360.0,26360.0,0,0
20201210,20201124  20:33:00,26360.0,26370.0,26360.0,26360.0,35,19
20201210,20201124  20:34:00,26350.0,26350.0,26350.0,26350.0,84,24
20201210,20201124  20:35:00,26350.0,26350.0,26350.0,26350.0,33,23
20201210,20201124  20:36:00,26360.0,26360.0,26360.0,26360.0,8,6
20201210,20201124  20:37:00,26360.0,26360.0,26360.0,26360.0,0,0
20201210,20201124  20:38:00,26360.0,26360.0,26360.0,26360.0,0,0
20201210,20201124  20:39:00,26360.0,26360.0,26360.0,26360.0,16,9
20201210,20201124  20:40:00,26370.0,26370.0,26360.0,26360.0,23,16
20201210,20201124  20:41:00,26360.0,26360.0,26360.0,26360.0,0,0
20201210,20201124  20:42:00,26370.0,26380.0,26370.0,26380.0,49,35
20201210,20201124  20:43:00,26370.0,26370.0,26370.0,26370.0,22,10
20201210,20201124  20:44:00,26370.0,26370.0,26370.0,26370.0,2,2
20201210,20201124  20:45:00,26370.0,26370.0,26370.0,26370.0,0,0
20201210,20201124  20:46:00,26370.0,26370.0,26370.0,26370.0,0,0
20201210,20201124  20:47:00,26360.0,26360.0,26360.0,26360.0,16,10
20201210,20201124  20:48:00,26360.0,26360.0,26350.0,26350.0,2,2
20201210,20201124  20:49:00,26350.0,26360.0,26350.0,26360.0,3,3
20201210,20201124  20:50:00,26360.0,26360.0,26360.0,26360.0,30,20
20201210,20201124  20:51:00,26370.0,26370.0,26370.0,26370.0,59,33
20201210,20201124  20:52:00,26380.0,26380.0,26380.0,26380.0,11,3
20201210,20201124  20:53:00,26370.0,26370.0,26370.0,26370.0,37,20
20201210,20201124  20:54:00,26370.0,26370.0,26370.0,26370.0,5,5
20201210,20201124  20:55:00,26370.0,26370.0,26370.0,26370.0,0,0
20201210,20201124  20:56:00,26370.0,26370.0,26370.0,26370.0,1,1
20201210,20201124  20:57:00,26370.0,26380.0,26370.0,26380.0,6,5
20201210,20201124  20:58:00,26380.0,26380.0,26380.0,26380.0,4,2
20201210,20201124  20:59:00,26380.0,26380.0,26370.0,26370.0,99,30
20201210,20201124  21:00:00,26370.0,26370.0,26370.0,26370.0,33,19
20201210,20201124  21:01:00,26360.0,26360.0,26350.0,26350.0,61,25
20201210,20201124  21:02:00,26350.0,26350.0,26350.0,26350.0,3,3
20201210,20201124  21:03:00,26360.0,26360.0,26360.0,26360.0,18,9
20201210,20201124  21:04:00,26360.0,26360.0,26360.0,26360.0,2,1
20201210,20201124  21:05:00,26360.0,26370.0,26360.0,26360.0,11,10
20201210,20201124  21:06:00,26360.0,26360.0,26360.0,26360.0,20,14
20201210,20201124  21:07:00,26370.0,26370.0,26370.0,26370.0,1,1
20201210,20201124  21:08:00,26360.0,26360.0,26360.0,26360.0,20,15
20201210,20201124  21:09:00,26360.0,26360.0,26360.0,26360.0,20,13
20201210,20201124  21:10:00,26360.0,26360.0,26360.0,26360.0,0,0
20201210,20201124  21:11:00,26360.0,26360.0,26360.0,26360.0,2,1
20201210,20201124  21:12:00,26370.0,26370.0,26370.0,26370.0,56,38
20201210,20201124  21:13:00,26370.0,26370.0,26370.0,26370.0,24,11
20201210,20201124  21:14:00,26370.0,26380.0,26370.0,26370.0,13,9
20201210,20201124  21:15:00,26370.0,26370.0,26370.0,26370.0,4,4
20201210,20201124  21:16:00,26370.0,26370.0,26370.0,26370.0,20,10
20201210,20201124  21:17:00,26370.0,26380.0,26370.0,26380.0,19,12
20201210,20201124  21:18:00,26380.0,26380.0,26380.0,26380.0,82,44
20201210,20201124  21:19:00,26390.0,26390.0,26370.0,26380.0,9,9
20201210,20201124  21:20:00,26380.0,26380.0,26380.0,26380.0,0,0
20201210,20201124  21:21:00,26380.0,26380.0,26380.0,26380.0,0,0
20201210,20201124  21:22:00,26380.0,26380.0,26380.0,26380.0,1,1
20201210,20201124  21:23:00,26380.0,26380.0,26370.0,26370.0,18,10
20201210,20201124  21:24:00,26370.0,26370.0,26360.0,26360.0,64,38
20201210,20201124  21:25:00,26360.0,26360.0,26360.0,26360.0,32,21
20201210,20201124  21:26:00,26360.0,26360.0,26360.0,26360.0,12,5
20201210,20201124  21:27:00,26350.0,26350.0,26350.0,26350.0,54,37
20201210,20201124  21:28:00,26350.0,26350.0,26350.0,26350.0,14,9
20201210,20201124  21:29:00,26350.0,26350.0,26340.0,26340.0,50,34
20201210,20201124  21:30:00,26340.0,26340.0,26340.0,26340.0,5,5
20201210,20201124  21:31:00,26340.0,26350.0,26340.0,26350.0,34,19
20201210,20201124  21:32:00,26350.0,26350.0,26350.0,26350.0,51,30
20201210,20201124  21:33:00,26350.0,26350.0,26350.0,26350.0,2,2
20201210,20201124  21:34:00,26350.0,26350.0,26350.0,26350.0,7,3
20201210,20201124  21:35:00,26350.0,26350.0,26350.0,26350.0,0,0
20201210,20201124  21:36:00,26360.0,26360.0,26360.0,26360.0,8,5
20201210,20201124  21:37:00,26370.0,26370.0,26370.0,26370.0,6,5
20201210,20201124  21:38:00,26370.0,26370.0,26370.0,26370.0,2,2
20201210,20201124  21:39:00,26360.0,26360.0,26360.0,26360.0,2,1
20201210,20201124  21:40:00,26370.0,26370.0,26370.0,26370.0,24,19
20201210,20201124  21:41:00,26370.0,26370.0,26370.0,26370.0,0,0
20201210,20201124  21:42:00,26370.0,26380.0,26370.0,26380.0,40,29
20201210,20201124  21:43:00,26390.0,26390.0,26390.0,26390.0,8,4
20201210,20201124  21:44:00,26390.0,26390.0,26390.0,26390.0,3,2
20201210,20201124  21:45:00,26390.0,26400.0,26390.0,26400.0,132,65
20201210,20201124  21:46:00,26400.0,26400.0,26400.0,26400.0,27,22
20201210,20201124  21:47:00,26400.0,26400.0,26400.0,26400.0,0,0
20201210,20201124  21:48:00,26400.0,26400.0,26400.0,26400.0,38,25
20201210,20201124  21:49:00,26400.0,26400.0,26400.0,26400.0,12,2
20201210,20201124  21:50:00,26400.0,26400.0,26400.0,26400.0,27,18
20201210,20201124  21:51:00,26400.0,26400.0,26400.0,26400.0,17,7
20201210,20201124  21:52:00,26400.0,26400.0,26400.0,26400.0,29,16
20201210,20201124  21:53:00,26400.0,26400.0,26400.0,26400.0,30,17
20201210,20201124  21:54:00,26400.0,26400.0,26400.0,26400.0,4,4
20201210,20201124  21:55:00,26400.0,26400.0,26400.0,26400.0,4,4
20201210,20201124  21:56:00,26400.0,26400.0,26400.0,26400.0,32,14
20201210,20201124  21:57:00,26400.0,26400.0,26400.0,26400.0,0,0
20201210,20201124  21:58:00,26410.0,26410.0,26410.0,26410.0,12,3
20201210,20201124  21:59:00,26410.0,26410.0,26410.0,26410.0,0,0
20201210,20201124  22:00:00,26400.0,26400.0,26400.0,26400.0,65,37
20201210,20201124  22:01:00,26410.0,26410.0,26410.0,26410.0,70,46
20201210,20201124  22:02:00,26420.0,26430.0,26420.0,26430.0,79,34
20201210,20201124  22:03:00,26430.0,26430.0,26420.0,26420.0,33,21
20201210,20201124  22:04:00,26420.0,26420.0,26420.0,26420.0,13,8
20201210,20201124  22:05:00,26430.0,26430.0,26430.0,26430.0,2,2
20201210,20201124  22:06:00,26420.0,26420.0,26410.0,26410.0,46,26
20201210,20201124  22:07:00,26420.0,26420.0,26420.0,26420.0,17,14
20201210,20201124  22:08:00,26420.0,26420.0,26420.0,26420.0,30,21
20201210,20201124  22:09:00,26420.0,26420.0,26420.0,26420.0,18,9
20201210,20201124  22:10:00,26420.0,26420.0,26420.0,26420.0,32,15
20201210,20201124  22:11:00,26420.0,26420.0,26420.0,26420.0,3,3
20201210,20201124  22:12:00,26420.0,26420.0,26420.0,26420.0,13,9
20201210,20201124  22:13:00,26420.0,26420.0,26420.0,26420.0,62,20
20201210,20201124  22:14:00,26430.0,26430.0,26420.0,26420.0,22,11
20201210,20201124  22:15:00,26430.0,26430.0,26420.0,26430.0,72,42
20201210,20201124  22:16:00,26430.0,26440.0,26430.0,26440.0,13,9
20201210,20201124  22:17:00,26440.0,26470.0,26440.0,26460.0,649,275
20201210,20201124  22:18:00,26460.0,26470.0,26460.0,26460.0,67,41
20201210,20201124  22:19:00,26450.0,26450.0,26450.0,26450.0,4,4
20201210,20201124  22:20:00,26460.0,26460.0,26460.0,26460.0,107,63
20201210,20201124  22:21:00,26460.0,26460.0,26460.0,26460.0,21,8
20201210,20201124  22:22:00,26470.0,26470.0,26460.0,26460.0,30,17
20201210,20201124  22:23:00,26460.0,26460.0,26460.0,26460.0,57,34
20201210,20201124  22:24:00,26460.0,26460.0,26460.0,26460.0,42,16
20201210,20201124  22:25:00,26460.0,26460.0,26460.0,26460.0,0,0
20201210,20201124  22:26:00,26460.0,26470.0,26460.0,26470.0,90,33
20201210,20201124  22:27:00,26460.0,26460.0,26460.0,26460.0,30,13
20201210,20201124  22:28:00,26460.0,26460.0,26460.0,26460.0,81,37
20201210,20201124  22:29:00,26470.0,26470.0,26470.0,26470.0,26,17
20201210,20201124  22:30:00,26470.0,26480.0,26470.0,26480.0,39,21
20201210,20201124  22:31:00,26480.0,26480.0,26470.0,26470.0,63,33
20201210,20201124  22:32:00,26470.0,26470.0,26470.0,26470.0,0,0
20201210,20201124  22:33:00,26460.0,26470.0,26460.0,26470.0,89,44
20201210,20201124  22:34:00,26470.0,26470.0,26470.0,26470.0,11,4
20201210,20201124  22:35:00,26470.0,26470.0,26470.0,26470.0,0,0
20201210,20201124  22:36:00,26480.0,26480.0,26470.0,26470.0,23,10
20201210,20201124  22:37:00,26470.0,26470.0,26470.0,26470.0,14,11
20201210,20201124  22:38:00,26470.0,26470.0,26470.0,26470.0,19,10
20201210,20201124  22:39:00,26460.0,26460.0,26460.0,26460.0,42,25
20201210,20201124  22:40:00,26460.0,26460.0,26460.0,26460.0,0,0
20201210,20201124  22:41:00,26460.0,26460.0,26460.0,26460.0,2,2
20201210,20201124  22:42:00,26460.0,26460.0,26460.0,26460.0,2,1
20201210,20201124  22:43:00,26460.0,26460.0,26460.0,26460.0,1,1
20201210,20201124  22:44:00,26460.0,26460.0,26460.0,26460.0,0,0
20201210,20201124  22:45:00,26450.0,26460.0,26450.0,26460.0,4,2
20201210,20201124  22:46:00,26460.0,26460.0,26460.0,26460.0,21,15
20201210,20201124  22:47:00,26460.0,26460.0,26460.0,26460.0,15,9
20201210,20201124  22:48:00,26460.0,26460.0,26460.0,26460.0,1,1
20201210,20201124  22:49:00,26450.0,26450.0,26450.0,26450.0,97,36
20201210,20201124  22:50:00,26450.0,26450.0,26450.0,26450.0,23,15
20201210,20201124  22:51:00,26450.0,26450.0,26450.0,26450.0,24,13
20201210,20201124  22:52:00,26450.0,26460.0,26450.0,26450.0,3,3
20201210,20201124  22:53:00,26450.0,26460.0,26450.0,26460.0,2,2
20201210,20201124  22:54:00,26450.0,26450.0,26450.0,26450.0,38,15
20201210,20201124  22:55:00,26450.0,26450.0,26450.0,26450.0,23,13
20201210,20201124  22:56:00,26450.0,26450.0,26450.0,26450.0,1,1
20201210,20201124  22:57:00,26450.0,26450.0,26450.0,26450.0,1,1
20201210,20201124  22:58:00,26460.0,26470.0,26460.0,26470.0,82,47
20201210,20201124  22:59:00,26460.0,26460.0,26460.0,26460.0,8,4
20201210,20201124  23:00:00,26460.0,26460.0,26450.0,26450.0,2,2
20201210,20201124  23:01:00,26450.0,26450.0,26450.0,26450.0,0,0
20201210,20201124  23:02:00,26450.0,26450.0,26450.0,26450.0,0,0
20201210,20201124  23:03:00,26450.0,26450.0,26450.0,26450.0,32,21
20201210,20201124  23:04:00,26450.0,26450.0,26450.0,26450.0,0,0
20201210,20201124  23:05:00,26450.0,26450.0,26450.0,26450.0,1,1
20201210,20201124  23:06:00,26450.0,26450.0,26450.0,26450.0,10,10
20201210,20201124  23:07:00,26450.0,26450.0,26450.0,26450.0,2,2
20201210,20201124  23:08:00,26450.0,26460.0,26450.0,26460.0,15,13
20201210,20201124  23:09:00,26460.0,26460.0,26460.0,26460.0,52,33
20201210,20201124  23:10:00,26460.0,26460.0,26460.0,26460.0,1,1
20201210,20201124  23:11:00,26460.0,26460.0,26460.0,26460.0,0,0
20201210,20201124  23:12:00,26460.0,26460.0,26460.0,26460.0,0,0
20201210,20201124  23:13:00,26460.0,26460.0,26460.0,26460.0,48,34
20201210,20201124  23:14:00,26460.0,26460.0,26460.0,26460.0,0,0
20201210,20201124  23:15:00,26460.0,26460.0,26460.0,26460.0,37,27
20201210,20201124  23:16:00,26450.0,26450.0,26450.0,26450.0,43,22
20201210,20201124  23:17:00,26450.0,26450.0,26450.0,26450.0,5,4
20201210,20201124  23:18:00,26450.0,26450.0,26440.0,26440.0,10,7
20201210,20201124  23:19:00,26440.0,26440.0,26440.0,26440.0,0,0
20201210,20201124  23:20:00,26440.0,26440.0,26440.0,26440.0,66,18
20201210,20201124  23:21:00,26440.0,26440.0,26440.0,26440.0,0,0
20201210,20201124  23:22:00,26440.0,26440.0,26430.0,26430.0,3,2
20201210,20201124  23:23:00,26440.0,26440.0,26440.0,26440.0,40,24
20201210,20201124  23:24:00,26440.0,26440.0,26440.0,26440.0,0,0
20201210,20201124  23:25:00,26440.0,26440.0,26440.0,26440.0,49,27
20201210,20201124  23:26:00,26440.0,26440.0,26440.0,26440.0,43,22
20201210,20201124  23:27:00,26440.0,26440.0,26440.0,26440.0,19,14
20201210,20201124  23:28:00,26440.0,26440.0,26440.0,26440.0,5,4
20201210,20201124  23:29:00,26440.0,26440.0,26440.0,26440.0,13,6
20201210,20201124  23:30:00,26440.0,26440.0,26440.0,26440.0,24,12
20201210,20201124  23:31:00,26430.0,26430.0,26420.0,26420.0,79,35
20201210,20201124  23:32:00,26420.0,26430.0,26420.0,26430.0,17,10
20201210,20201124  23:33:00,26430.0,26440.0,26430.0,26440.0,77,35
20201210,20201124  23:34:00,26440.0,26440.0,26420.0,26420.0,60,34
20201210,20201124  23:35:00,26420.0,26430.0,26420.0,26430.0,88,56
20201210,20201124  23:36:00,26420.0,26420.0,26420.0,26420.0,6,4
20201210,20201124  23:37:00,26420.0,26420.0,26420.0,26420.0,21,13
20201210,20201124  23:38:00,26420.0,26420.0,26410.0,26420.0,64,36
20201210,20201124  23:39:00,26410.0,26410.0,26400.0,26400.0,87,50
20201210,20201124  23:40:00,26400.0,26410.0,26400.0,26410.0,71,33
20201210,20201124  23:41:00,26410.0,26420.0,26410.0,26420.0,87,50
20201210,20201124  23:42:00,26420.0,26420.0,26420.0,26420.0,24,9
20201210,20201124  23:43:00,26410.0,26410.0,26410.0,26410.0,18,14
20201210,20201124  23:44:00,26410.0,26410.0,26410.0,26410.0,1,1
20201210,20201124  23:45:00,26410.0,26410.0,26410.0,26410.0,16,9
20201210,20201124  23:46:00,26400.0,26400.0,26400.0,26400.0,42,28
20201210,20201124  23:47:00,26400.0,26410.0,26400.0,26410.0,68,37
20201210,20201124  23:48:00,26420.0,26430.0,26420.0,26430.0,185,85
20201210,20201124  23:49:00,26420.0,26420.0,26420.0,26420.0,19,7
20201210,20201124  23:50:00,26430.0,26430.0,26430.0,26430.0,13,11
20201210,20201124  23:51:00,26440.0,26450.0,26440.0,26450.0,59,27
20201210,20201124  23:52:00,26440.0,26440.0,26440.0,26440.0,79,48
20201210,20201124  23:53:00,26450.0,26450.0,26450.0,26450.0,1,1
20201210,20201124  23:54:00,26440.0,26450.0,26440.0,26450.0,11,6
20201210,20201124  23:55:00,26450.0,26450.0,26450.0,26450.0,48,20
20201210,20201124  23:56:00,26450.0,26450.0,26440.0,26440.0,41,21
20201210,20201124  23:57:00,26450.0,26450.0,26450.0,26450.0,23,18
20201210,20201124  23:58:00,26450.0,26450.0,26450.0,26450.0,50,14
20201210,20201124  23:59:00,26450.0,26450.0,26450.0,26450.0,19,5
20201210,20201125  00:00:00,26450.0,26460.0,26450.0,26460.0,24,16
20201210,20201125  00:01:00,26460.0,26460.0,26450.0,26450.0,60,35
20201210,20201125  00:02:00,26450.0,26450.0,26450.0,26450.0,0,0
20201210,20201125  00:03:00,26450.0,26460.0,26450.0,26460.0,117,54
20201210,20201125  00:04:00,26460.0,26460.0,26460.0,26460.0,19,9
20201210,20201125  00:05:00,26470.0,26470.0,26460.0,26460.0,15,8
20201210,20201125  00:06:00,26460.0,26470.0,26460.0,26470.0,28,13
20201210,20201125  00:07:00,26470.0,26470.0,26470.0,26470.0,34,12
20201210,20201125  00:08:00,26460.0,26460.0,26460.0,26460.0,10,5
20201210,20201125  00:09:00,26460.0,26460.0,26460.0,26460.0,43,18
20201210,20201125  00:10:00,26460.0,26460.0,26440.0,26450.0,199,109
20201210,20201125  00:11:00,26440.0,26440.0,26440.0,26440.0,8,5
20201210,20201125  00:12:00,26450.0,26450.0,26450.0,26450.0,42,19
20201210,20201125  00:13:00,26450.0,26450.0,26450.0,26450.0,7,4
20201210,20201125  00:14:00,26460.0,26460.0,26460.0,26460.0,23,9
20201210,20201125  00:15:00,26450.0,26450.0,26450.0,26450.0,7,5
20201210,20201125  00:16:00,26450.0,26450.0,26450.0,26450.0,4,4
20201210,20201125  00:17:00,26450.0,26450.0,26450.0,26450.0,21,12
20201210,20201125  00:18:00,26450.0,26450.0,26450.0,26450.0,45,27
20201210,20201125  00:19:00,26450.0,26450.0,26450.0,26450.0,46,25
20201210,20201125  00:20:00,26450.0,26450.0,26450.0,26450.0,36,18
20201210,20201125  00:21:00,26450.0,26450.0,26450.0,26450.0,0,0
20201210,20201125  00:22:00,26450.0,26450.0,26450.0,26450.0,0,0
20201210,20201125  00:23:00,26460.0,26460.0,26450.0,26450.0,53,28
20201210,20201125  00:24:00,26450.0,26450.0,26450.0,26450.0,22,10
20201210,20201125  00:25:00,26450.0,26450.0,26450.0,26450.0,14,7
20201210,20201125  00:26:00,26450.0,26450.0,26450.0,26450.0,42,17
20201210,20201125  00:27:00,26450.0,26460.0,26450.0,26460.0,25,18
20201210,20201125  00:28:00,26460.0,26470.0,26460.0,26470.0,139,69
20201210,20201125  00:29:00,26470.0,26470.0,26470.0,26470.0,32,13
20201210,20201125  00:30:00,26470.0,26470.0,26450.0,26450.0,48,31
20201210,20201125  00:31:00,26450.0,26450.0,26430.0,26440.0,80,34
20201210,20201125  00:32:00,26440.0,26440.0,26430.0,26440.0,93,52
20201210,20201125  00:33:00,26440.0,26440.0,26440.0,26440.0,103,63
20201210,20201125  00:34:00,26430.0,26440.0,26430.0,26430.0,94,51
20201210,20201125  00:35:00,26440.0,26440.0,26440.0,26440.0,49,29
20201210,20201125  00:36:00,26450.0,26450.0,26450.0,26450.0,3,2
20201210,20201125  00:37:00,26450.0,26450.0,26450.0,26450.0,37,23
20201210,20201125  00:38:00,26440.0,26440.0,26440.0,26440.0,23,16
20201210,20201125  00:39:00,26440.0,26440.0,26440.0,26440.0,8,4
20201210,20201125  00:40:00,26430.0,26440.0,26430.0,26440.0,23,10
20201210,20201125  00:41:00,26450.0,26460.0,26450.0,26460.0,82,29
20201210,20201125  00:42:00,26460.0,26460.0,26450.0,26460.0,58,32
20201210,20201125  00:43:00,26460.0,26460.0,26460.0,26460.0,6,4
20201210,20201125  00:44:00,26460.0,26460.0,26460.0,26460.0,17,11
20201210,20201125  00:45:00,26460.0,26460.0,26460.0,26460.0,22,12
20201210,20201125  00:46:00,26450.0,26450.0,26450.0,26450.0,40,20
20201210,20201125  00:47:00,26450.0,26450.0,26450.0,26450.0,7,4
20201210,20201125  00:48:00,26450.0,26450.0,26450.0,26450.0,0,0
20201210,20201125  00:49:00,26460.0,26460.0,26460.0,26460.0,23,14
20201210,20201125  00:50:00,26470.0,26470.0,26460.0,26460.0,75,36
20201210,20201125  00:51:00,26470.0,26470.0,26470.0,26470.0,25,11
20201210,20201125  00:52:00,26470.0,26470.0,26470.0,26470.0,73,22
20201210,20201125  00:53:00,26470.0,26470.0,26470.0,26470.0,49,23
20201210,20201125  00:54:00,26470.0,26490.0,26470.0,26490.0,141,75
20201210,20201125  00:55:00,26480.0,26500.0,26480.0,26490.0,70,28
20201210,20201125  00:56:00,26490.0,26490.0,26490.0,26490.0,0,0
20201210,20201125  00:57:00,26480.0,26480.0,26480.0,26480.0,89,35
20201210,20201125  00:58:00,26470.0,26470.0,26470.0,26470.0,54,23
20201210,20201125  00:59:00,26470.0,26470.0,26470.0,26470.0,23,8
20201210,20201125  01:00:00,26480.0,26480.0,26480.0,26480.0,45,27
20201210,20201125  01:01:00,26480.0,26480.0,26480.0,26480.0,0,0
20201210,20201125  01:02:00,26480.0,26480.0,26480.0,26480.0,24,17
20201210,20201125  01:03:00,26480.0,26480.0,26480.0,26480.0,41,21
20201210,20201125  01:04:00,26480.0,26480.0,26480.0,26480.0,3,3
20201210,20201125  01:05:00,26480.0,26480.0,26480.0,26480.0,23,15
20201210,20201125  01:06:00,26480.0,26480.0,26480.0,26480.0,30,15
20201210,20201125  01:07:00,26470.0,26470.0,26450.0,26450.0,68,39
20201210,20201125  01:08:00,26460.0,26470.0,26460.0,26470.0,11,10
20201210,20201125  01:09:00,26470.0,26470.0,26470.0,26470.0,0,0
20201210,20201125  01:10:00,26460.0,26460.0,26460.0,26460.0,23,13
20201210,20201125  01:11:00,26460.0,26460.0,26460.0,26460.0,6,4
20201210,20201125  01:12:00,26460.0,26460.0,26460.0,26460.0,5,4
20201210,20201125  01:13:00,26460.0,26460.0,26460.0,26460.0,5,5
20201210,20201125  01:14:00,26460.0,26460.0,26460.0,26460.0,1,1
20201210,20201125  01:15:00,26450.0,26450.0,26450.0,26450.0,40,34
20201210,20201125  01:16:00,26460.0,26460.0,26460.0,26460.0,29,16
20201210,20201125  01:17:00,26470.0,26470.0,26470.0,26470.0,87,52
20201210,20201125  01:18:00,26470.0,26470.0,26470.0,26470.0,12,6
20201210,20201125  01:19:00,26470.0,26470.0,26470.0,26470.0,16,11
20201210,20201125  01:20:00,26480.0,26480.0,26480.0,26480.0,47,25
20201210,20201125  01:21:00,26490.0,26490.0,26480.0,26480.0,22,17
20201210,20201125  01:22:00,26480.0,26480.0,26480.0,26480.0,1,1
20201210,20201125  01:23:00,26470.0,26480.0,26470.0,26480.0,15,11
20201210,20201125  01:24:00,26480.0,26480.0,26480.0,26480.0,24,15
20201210,20201125  01:25:00,26480.0,26480.0,26480.0,26480.0,0,0
20201210,20201125  01:26:00,26490.0,26490.0,26490.0,26490.0,35,19
20201210,20201125  01:27:00,26490.0,26490.0,26490.0,26490.0,2,2
20201210,20201125  01:28:00,26490.0,26490.0,26490.0,26490.0,0,0
20201210,20201125  01:29:00,26490.0,26490.0,26480.0,26480.0,23,15
20201210,20201125  01:30:00,26480.0,26490.0,26480.0,26480.0,20,15
20201210,20201125  01:31:00,26470.0,26480.0,26470.0,26480.0,4,3
20201210,20201125  01:32:00,26470.0,26480.0,26470.0,26480.0,66,44
20201210,20201125  01:33:00,26480.0,26480.0,26480.0,26480.0,9,7
20201210,20201125  01:34:00,26490.0,26490.0,26480.0,26490.0,48,34
20201210,20201125  01:35:00,26490.0,26490.0,26490.0,26490.0,12,8
20201210,20201125  01:36:00,26490.0,26490.0,26490.0,26490.0,0,0
20201210,20201125  01:37:00,26490.0,26490.0,26480.0,26480.0,46,29
20201210,20201125  01:38:00,26480.0,26480.0,26480.0,26480.0,0,0
20201210,20201125  01:39:00,26480.0,26480.0,26480.0,26480.0,47,26
20201210,20201125  01:40:00,26480.0,26480.0,26480.0,26480.0,0,0
20201210,20201125  01:41:00,26480.0,26490.0,26480.0,26490.0,17,16
20201210,20201125  01:42:00,26490.0,26500.0,26490.0,26500.0,29,8
20201210,20201125  01:43:00,26500.0,26500.0,26500.0,26500.0,0,0
20201210,20201125  01:44:00,26490.0,26490.0,26490.0,26490.0,13,10
20201210,20201125  01:45:00,26490.0,26490.0,26490.0,26490.0,8,7
20201210,20201125  01:46:00,26500.0,26500.0,26490.0,26490.0,2,2
20201210,20201125  01:47:00,26490.0,26490.0,26490.0,26490.0,5,5
20201210,20201125  01:48:00,26490.0,26490.0,26490.0,26490.0,1,1
20201210,20201125  01:49:00,26500.0,26510.0,26500.0,26510.0,147,90
20201210,20201125  01:50:00,26510.0,26510.0,26510.0,26510.0,7,4
20201210,20201125  01:51:00,26510.0,26510.0,26510.0,26510.0,0,0
20201210,20201125  01:52:00,26500.0,26500.0,26500.0,26500.0,41,23
20201210,20201125  01:53:00,26490.0,26490.0,26480.0,26490.0,44,34
20201210,20201125  01:54:00,26500.0,26500.0,26500.0,26500.0,25,13
20201210,20201125  01:55:00,26500.0,26500.0,26500.0,26500.0,1,1
20201210,20201125  01:56:00,26500.0,26500.0,26500.0,26500.0,52,25
20201210,20201125  01:57:00,26490.0,26490.0,26490.0,26490.0,26,17
20201210,20201125  01:58:00,26490.0,26490.0,26480.0,26480.0,52,32
20201210,20201125  01:59:00,26490.0,26490.0,26480.0,26480.0,14,10
20201210,20201125  02:00:00,26490.0,26490.0,26480.0,26480.0,20,11
20201210,20201125  02:01:00,26480.0,26480.0,26480.0,26480.0,41,21
20201210,20201125  02:02:00,26470.0,26470.0,26470.0,26470.0,2,1
20201210,20201125  02:03:00,26470.0,26470.0,26470.0,26470.0,83,41
20201210,20201125  02:04:00,26470.0,26470.0,26470.0,26470.0,23,17
20201210,20201125  02:05:00,26470.0,26470.0,26470.0,26470.0,0,0
20201210,20201125  02:06:00,26470.0,26470.0,26470.0,26470.0,26,15
20201210,20201125  02:07:00,26470.0,26470.0,26470.0,26470.0,27,16
20201210,20201125  02:08:00,26470.0,26470.0,26470.0,26470.0,0,0
20201210,20201125  02:09:00,26470.0,26470.0,26470.0,26470.0,0,0
20201210,20201125  02:10:00,26470.0,26470.0,26470.0,26470.0,33,14
20201210,20201125  02:11:00,26470.0,26470.0,26470.0,26470.0,4,4
20201210,20201125  02:12:00,26460.0,26460.0,26460.0,26460.0,13,4
20201210,20201125  02:13:00,26470.0,26470.0,26470.0,26470.0,9,6
20201210,20201125  02:14:00,26470.0,26470.0,26470.0,26470.0,3,2
20201210,20201125  02:15:00,26470.0,26470.0,26470.0,26470.0,13,2
20201210,20201125  02:16:00,26470.0,26470.0,26470.0,26470.0,0,0
20201210,20201125  02:17:00,26460.0,26460.0,26460.0,26460.0,35,22
20201210,20201125  02:18:00,26460.0,26460.0,26460.0,26460.0,11,7
20201210,20201125  02:19:00,26460.0,26470.0,26460.0,26460.0,31,20
20201210,20201125  02:20:00,26460.0,26460.0,26460.0,26460.0,10,4
20201210,20201125  02:21:00,26460.0,26460.0,26460.0,26460.0,0,0
20201210,20201125  02:22:00,26460.0,26460.0,26460.0,26460.0,0,0
20201210,20201125  02:23:00,26470.0,26470.0,26470.0,26470.0,47,24
20201210,20201125  02:24:00,26470.0,26470.0,26470.0,26470.0,40,29
20201210,20201125  02:25:00,26470.0,26470.0,26470.0,26470.0,17,13
20201210,20201125  02:26:00,26470.0,26470.0,26470.0,26470.0,19,7
20201210,20201125  02:27:00,26470.0,26470.0,26470.0,26470.0,3,3
20201210,20201125  02:28:00,26470.0,26470.0,26470.0,26470.0,0,0
20201210,20201125  02:29:00,26470.0,26470.0,26470.0,26470.0,7,6
20201210,20201125  02:30:00,26470.0,26470.0,26470.0,26470.0,16,13
20201210,20201125  02:31:00,26470.0,26470.0,26470.0,26470.0,8,4
20201210,20201125  02:32:00,26480.0,26480.0,26480.0,26480.0,22,10
20201210,20201125  02:33:00,26480.0,26480.0,26480.0,26480.0,0,0
20201210,20201125  02:34:00,26470.0,26480.0,26470.0,26480.0,34,20
20201210,20201125  02:35:00,26480.0,26480.0,26480.0,26480.0,18,8
20201210,20201125  02:36:00,26480.0,26480.0,26480.0,26480.0,12,4
20201210,20201125  02:37:00,26480.0,26480.0,26470.0,26470.0,23,15
20201210,20201125  02:38:00,26470.0,26470.0,26470.0,26470.0,21,7
20201210,20201125  02:39:00,26470.0,26470.0,26470.0,26470.0,3,2
20201210,20201125  02:40:00,26470.0,26470.0,26470.0,26470.0,3,3
20201210,20201125  02:41:00,26470.0,26470.0,26470.0,26470.0,6,6
20201210,20201125  02:42:00,26470.0,26470.0,26470.0,26470.0,4,2
20201210,20201125  02:43:00,26470.0,26470.0,26470.0,26470.0,0,0
20201210,20201125  02:44:00,26470.0,26470.0,26470.0,26470.0,1,1
20201210,20201125  02:45:00,26470.0,26470.0,26470.0,26470.0,0,0
20201210,20201125  02:46:00,26470.0,26470.0,26470.0,26470.0,0,0
20201210,20201125  02:47:00,26470.0,26470.0,26470.0,26470.0,0,0
20201210,20201125  02:48:00,26470.0,26480.0,26470.0,26480.0,72,30
20201210,20201125  02:49:00,26480.0,26490.0,26480.0,26490.0,24,13
20201210,20201125  02:50:00,26490.0,26490.0,26490.0,26490.0,48,28
20201210,20201125  02:51:00,26490.0,26490.0,26490.0,26490.0,0,0
20201210,20201125  02:52:00,26490.0,26490.0,26490.0,26490.0,0,0
20201210,20201125  02:53:00,26500.0,26500.0,26500.0,26500.0,48,26
20201210,20201125  02:54:00,26500.0,26500.0,26500.0,26500.0,7,6
20201210,20201125  02:55:00,26500.0,26500.0,26500.0,26500.0,0,0
20201210,20201125  02:56:00,26500.0,26500.0,26500.0,26500.0,4,3
20201210,20201125  02:57:00,26500.0,26500.0,26500.0,26500.0,0,0
20201210,20201125  02:58:00,26500.0,26500.0,26500.0,26500.0,1,1
20201210,20201125  02:59:00,26500.0,26500.0,26500.0,26500.0,0,0
20201210,20201125  03:00:00,26500.0,26500.0,26500.0,26500.0,25,14
20201210,20201125  03:01:00,26500.0,26500.0,26500.0,26500.0,27,14
20201210,20201125  03:02:00,26500.0,26500.0,26500.0,26500.0,8,6
20201210,20201125  03:03:00,26500.0,26500.0,26500.0,26500.0,0,0
20201210,20201125  03:04:00,26500.0,26500.0,26500.0,26500.0,0,0
20201210,20201125  03:05:00,26500.0,26500.0,26500.0,26500.0,4,4
20201210,20201125  03:06:00,26500.0,26500.0,26500.0,26500.0,0,0
20201210,20201125  03:07:00,26500.0,26500.0,26500.0,26500.0,0,0
20201210,20201125  03:08:00,26500.0,26500.0,26490.0,26500.0,44,23
20201210,20201125  03:09:00,26500.0,26500.0,26500.0,26500.0,5,5
20201210,20201125  03:10:00,26500.0,26500.0,26490.0,26490.0,24,18
20201210,20201125  03:11:00,26490.0,26490.0,26490.0,26490.0,11,10
20201210,20201125  03:12:00,26490.0,26490.0,26490.0,26490.0,13,12
20201210,20201125  03:13:00,26480.0,26490.0,26480.0,26490.0,53,27
20201210,20201125  03:14:00,26490.0,26490.0,26480.0,26490.0,13,10
20201210,20201125  03:15:00,26490.0,26490.0,26490.0,26490.0,11,8
20201210,20201125  03:16:00,26490.0,26490.0,26490.0,26490.0,16,11
20201210,20201125  03:17:00,26480.0,26490.0,26480.0,26490.0,42,36
20201210,20201125  03:18:00,26490.0,26490.0,26480.0,26480.0,42,28
20201210,20201125  03:19:00,26480.0,26480.0,26480.0,26480.0,7,7
20201210,20201125  03:20:00,26480.0,26480.0,26470.0,26470.0,62,38
20201210,20201125  03:21:00,26470.0,26470.0,26470.0,26470.0,8,7
20201210,20201125  03:22:00,26470.0,26470.0,26470.0,26470.0,8,7
20201210,20201125  03:23:00,26470.0,26480.0,26470.0,26470.0,11,9
20201210,20201125  03:24:00,26470.0,26470.0,26460.0,26460.0,80,43
20201210,20201125  03:25:00,26460.0,26460.0,26450.0,26460.0,57,43
20201210,20201125  03:26:00,26460.0,26460.0,26450.0,26450.0,18,13
20201210,20201125  03:27:00,26450.0,26450.0,26440.0,26450.0,45,26
20201210,20201125  03:28:00,26440.0,26440.0,26440.0,26440.0,8,7
20201210,20201125  03:29:00,26440.0,26450.0,26440.0,26450.0,25,19
20201210,20201125  03:30:00,26450.0,26460.0,26450.0,26450.0,9,9
20201210,20201125  03:31:00,26450.0,26460.0,26450.0,26450.0,12,10
20201210,20201125  03:32:00,26450.0,26450.0,26450.0,26450.0,51,30
20201210,20201125  03:33:00,26450.0,26450.0,26440.0,26440.0,21,14
20201210,20201125  03:34:00,26440.0,26450.0,26440.0,26440.0,12,10
20201210,20201125  03:35:00,26440.0,26440.0,26440.0,26440.0,10,7
20201210,20201125  03:36:00,26440.0,26450.0,26440.0,26450.0,28,25
20201210,20201125  03:37:00,26440.0,26450.0,26440.0,26450.0,17,12
20201210,20201125  03:38:00,26450.0,26450.0,26450.0,26450.0,1,1
20201210,20201125  03:39:00,26450.0,26450.0,26450.0,26450.0,12,8
20201210,20201125  03:40:00,26450.0,26470.0,26450.0,26470.0,51,39
20201210,20201125  03:41:00,26470.0,26480.0,26470.0,26480.0,61,30
20201210,20201125  03:42:00,26470.0,26470.0,26470.0,26470.0,47,25
20201210,20201125  03:43:00,26470.0,26470.0,26470.0,26470.0,37,25
20201210,20201125  03:44:00,26470.0,26470.0,26470.0,26470.0,1,1
20201210,20201125  03:45:00,26470.0,26470.0,26470.0,26470.0,12,9
20201210,20201125  03:46:00,26460.0,26460.0,26460.0,26460.0,29,13
20201210,20201125  03:47:00,26460.0,26460.0,26460.0,26460.0,0,0
20201210,20201125  03:48:00,26450.0,26450.0,26450.0,26450.0,1,1
20201210,20201125  03:49:00,26450.0,26450.0,26450.0,26450.0,8,6
20201210,20201125  03:50:00,26460.0,26460.0,26460.0,26460.0,29,12
20201210,20201125  03:51:00,26450.0,26450.0,26450.0,26450.0,10,6
20201210,20201125  03:52:00,26450.0,26450.0,26450.0,26450.0,0,0
20201210,20201125  03:53:00,26450.0,26450.0,26450.0,26450.0,0,0
20201210,20201125  03:54:00,26450.0,26450.0,26450.0,26450.0,1,1
20201210,20201125  03:55:00,26460.0,26460.0,26460.0,26460.0,31,20
20201210,20201125  03:56:00,26460.0,26460.0,26460.0,26460.0,22,8
20201210,20201125  03:57:00,26460.0,26460.0,26460.0,26460.0,0,0
20201210,20201125  03:58:00,26460.0,26460.0,26460.0,26460.0,0,0
20201210,20201125  03:59:00,26470.0,26470.0,26470.0,26470.0,22,15
20201210,20201125  04:00:00,26460.0,26470.0,26460.0,26470.0,8,7
20201210,20201125  04:01:00,26460.0,26460.0,26460.0,26460.0,9,7
20201210,20201125  04:02:00,26460.0,26460.0,26460.0,26460.0,0,0
20201210,20201125  04:03:00,26460.0,26460.0,26460.0,26460.0,0,0
20201210,20201125  04:04:00,26470.0,26470.0,26470.0,26470.0,31,20
20201210,20201125  04:05:00,26480.0,26480.0,26480.0,26480.0,13,11
20201210,20201125  04:06:00,26480.0,26480.0,26480.0,26480.0,27,19
20201210,20201125  04:07:00,26480.0,26480.0,26480.0,26480.0,21,8
20201210,20201125  04:08:00,26470.0,26470.0,26470.0,26470.0,19,15
20201210,20201125  04:09:00,26470.0,26470.0,26470.0,26470.0,1,1
20201210,20201125  04:10:00,26470.0,26470.0,26470.0,26470.0,0,0
20201210,20201125  04:11:00,26470.0,26470.0,26470.0,26470.0,0,0
20201210,20201125  04:12:00,26470.0,26470.0,26470.0,26470.0,0,0
20201210,20201125  04:13:00,26470.0,26470.0,26470.0,26470.0,8,7
20201210,20201125  04:14:00,26470.0,26470.0,26470.0,26470.0,0,0
20201210,20201125  04:15:00,26470.0,26470.0,26470.0,26470.0,8,6
20201210,20201125  04:16:00,26460.0,26460.0,26450.0,26450.0,24,19
20201210,20201125  04:17:00,26450.0,26450.0,26450.0,26450.0,0,0
20201210,20201125  04:18:00,26450.0,26450.0,26450.0,26450.0,3,3
20201210,20201125  04:19:00,26450.0,26450.0,26450.0,26450.0,0,0
20201210,20201125  04:20:00,26450.0,26450.0,26450.0,26450.0,14,11
20201210,20201125  04:21:00,26450.0,26450.0,26450.0,26450.0,0,0
20201210,20201125  04:22:00,26450.0,26450.0,26450.0,26450.0,9,6
20201210,20201125  04:23:00,26440.0,26440.0,26440.0,26440.0,1,1
20201210,20201125  04:24:00,26440.0,26440.0,26440.0,26440.0,0,0
20201210,20201125  04:25:00,26440.0,26440.0,26440.0,26440.0,0,0
20201210,20201125  04:26:00,26440.0,26440.0,26440.0,26440.0,0,0
20201210,20201125  04:27:00,26440.0,26440.0,26440.0,26440.0,0,0
20201210,20201125  04:28:00,26440.0,26440.0,26440.0,26440.0,0,0
20201210,20201125  04:29:00,26440.0,26440.0,26440.0,26440.0,30,11
20201210,20201125  04:30:00,26440.0,26440.0,26440.0,26440.0,1,1
20201210,20201125  04:31:00,26430.0,26440.0,26430.0,26440.0,10,5
20201210,20201125  04:32:00,26450.0,26450.0,26450.0,26450.0,19,12
20201210,20201125  04:33:00,26450.0,26450.0,26450.0,26450.0,23,11
20201210,20201125  04:34:00,26450.0,26450.0,26450.0,26450.0,0,0
20201210,20201125  04:35:00,26460.0,26460.0,26460.0,26460.0,18,14
20201210,20201125  04:36:00,26470.0,26470.0,26470.0,26470.0,5,3
20201210,20201125  04:37:00,26470.0,26470.0,26470.0,26470.0,13,7
20201210,20201125  04:38:00,26470.0,26470.0,26470.0,26470.0,8,7
20201210,20201125  04:39:00,26470.0,26470.0,26470.0,26470.0,2,1
20201210,20201125  04:40:00,26470.0,26470.0,26470.0,26470.0,0,0
20201210,20201125  04:41:00,26470.0,26470.0,26470.0,26470.0,17,9
20201210,20201125  04:42:00,26470.0,26470.0,26470.0,26470.0,0,0
20201210,20201125  04:43:00,26480.0,26480.0,26480.0,26480.0,12,10
20201210,20201125  04:44:00,26480.0,26480.0,26480.0,26480.0,35,24
20201210,20201125  04:45:00,26480.0,26480.0,26480.0,26480.0,26,16
20201210,20201125  04:46:00,26480.0,26480.0,26480.0,26480.0,4,3
20201210,20201125  04:47:00,26480.0,26480.0,26480.0,26480.0,0,0
20201210,20201125  04:48:00,26480.0,26480.0,26480.0,26480.0,11,7
20201210,20201125  04:49:00,26480.0,26480.0,26480.0,26480.0,22,15
20201210,20201125  04:50:00,26480.0,26480.0,26480.0,26480.0,11,5
20201210,20201125  04:51:00,26480.0,26480.0,26480.0,26480.0,0,0
20201210,20201125  04:52:00,26480.0,26480.0,26480.0,26480.0,0,0
20201210,20201125  04:53:00,26480.0,26480.0,26480.0,26480.0,1,1
20201210,20201125  04:54:00,26480.0,26480.0,26480.0,26480.0,0,0
20201210,20201125  04:55:00,26480.0,26480.0,26480.0,26480.0,0,0
20201210,20201125  04:56:00,26480.0,26480.0,26480.0,26480.0,0,0
20201210,20201125  04:57:00,26490.0,26490.0,26480.0,26480.0,2,2
20201210,20201125  04:58:00,26480.0,26480.0,26480.0,26480.0,0,0
20201210,20201125  04:59:00,26490.0,26490.0,26490.0,26490.0,16,10
20201210,20201125  05:00:00,26490.0,26490.0,26490.0,26490.0,0,0
20201210,20201125  05:01:00,26480.0,26480.0,26480.0,26480.0,33,16
20201210,20201125  05:02:00,26470.0,26470.0,26470.0,26470.0,16,13
20201210,20201125  05:03:00,26470.0,26470.0,26470.0,26470.0,11,6
20201210,20201125  05:04:00,26470.0,26470.0,26470.0,26470.0,4,3
20201210,20201125  05:05:00,26470.0,26470.0,26470.0,26470.0,12,7
20201210,20201125  05:06:00,26470.0,26470.0,26470.0,26470.0,0,0
20201210,20201125  05:07:00,26460.0,26460.0,26460.0,26460.0,20,9
20201210,20201125  05:08:00,26460.0,26460.0,26460.0,26460.0,1,1
20201210,20201125  05:09:00,26460.0,26460.0,26460.0,26460.0,1,1
20201210,20201125  05:10:00,26450.0,26460.0,26450.0,26460.0,9,5
20201210,20201125  05:11:00,26460.0,26460.0,26460.0,26460.0,0,0
20201210,20201125  05:12:00,26460.0,26460.0,26460.0,26460.0,8,7
20201210,20201125  05:13:00,26450.0,26460.0,26450.0,26460.0,2,2
20201210,20201125  05:14:00,26460.0,26460.0,26460.0,26460.0,0,0
20201210,20201125  05:15:00,26450.0,26450.0,26450.0,26450.0,31,20
20201210,20201125  05:16:00,26450.0,26450.0,26450.0,26450.0,13,9
20201210,20201125  05:17:00,26450.0,26450.0,26450.0,26450.0,6,3
20201210,20201125  05:18:00,26450.0,26450.0,26440.0,26440.0,37,25
20201210,20201125  05:19:00,26440.0,26440.0,26440.0,26440.0,1,1
20201210,20201125  05:20:00,26450.0,26450.0,26450.0,26450.0,4,4
20201210,20201125  05:21:00,26450.0,26450.0,26450.0,26450.0,30,18
20201210,20201125  05:22:00,26450.0,26460.0,26450.0,26450.0,13,11
20201210,20201125  05:23:00,26450.0,26450.0,26450.0,26450.0,20,11
20201210,20201125  05:24:00,26450.0,26450.0,26450.0,26450.0,2,2
20201210,20201125  05:25:00,26450.0,26450.0,26450.0,26450.0,0,0
20201210,20201125  05:26:00,26450.0,26450.0,26450.0,26450.0,0,0
20201210,20201125  05:27:00,26450.0,26450.0,26450.0,26450.0,0,0
20201210,20201125  05:28:00,26450.0,26450.0,26450.0,26450.0,0,0
20201210,20201125  05:29:00,26450.0,26450.0,26450.0,26450.0,0,0
20201210,20201125  08:45:00,26470.0,26480.0,26460.0,26460.0,1073,289
20201210,20201125  08:46:00,26460.0,26480.0,26460.0,26480.0,85,41
20201210,20201125  08:47:00,26480.0,26480.0,26470.0,26470.0,15,10
20201210,20201125  08:48:00,26480.0,26490.0,26480.0,26490.0,123,55
20201210,20201125  08:49:00,26490.0,26500.0,26490.0,26500.0,106,38
20201210,20201125  08:50:00,26500.0,26500.0,26490.0,26490.0,8,5
20201210,20201125  08:51:00,26500.0,26500.0,26490.0,26490.0,15,13
20201210,20201125  08:52:00,26490.0,26520.0,26490.0,26520.0,229,102
20201210,20201125  08:53:00,26520.0,26540.0,26520.0,26540.0,192,66
20201210,20201125  08:54:00,26540.0,26560.0,26540.0,26550.0,332,161
20201210,20201125  08:55:00,26550.0,26560.0,26550.0,26550.0,93,59
20201210,20201125  08:56:00,26550.0,26550.0,26540.0,26550.0,50,24
20201210,20201125  08:57:00,26550.0,26550.0,26540.0,26540.0,9,8
20201210,20201125  08:58:00,26540.0,26550.0,26540.0,26550.0,86,24
20201210,20201125  08:59:00,26560.0,26560.0,26530.0,26530.0,178,62
20201210,20201125  09:00:00,26530.0,26540.0,26510.0,26530.0,392,205
20201210,20201125  09:01:00,26540.0,26550.0,26540.0,26540.0,293,177
20201210,20201125  09:02:00,26540.0,26540.0,26540.0,26540.0,132,82
20201210,20201125  09:03:00,26540.0,26540.0,26530.0,26540.0,408,232
20201210,20201125  09:04:00,26540.0,26540.0,26510.0,26520.0,90,55
20201210,20201125  09:05:00,26510.0,26520.0,26510.0,26520.0,407,230
20201210,20201125  09:06:00,26520.0,26530.0,26510.0,26510.0,207,108
20201210,20201125  09:07:00,26520.0,26530.0,26520.0,26530.0,149,90
20201210,20201125  09:08:00,26530.0,26540.0,26530.0,26540.0,381,216
20201210,20201125  09:09:00,26540.0,26550.0,26540.0,26550.0,236,132
20201210,20201125  09:10:00,26550.0,26600.0,26540.0,26590.0,891,471
20201210,20201125  09:11:00,26590.0,26590.0,26570.0,26580.0,328,208
20201210,20201125  09:12:00,26580.0,26580.0,26560.0,26560.0,322,199
20201210,20201125  09:13:00,26570.0,26590.0,26570.0,26590.0,141,98
20201210,20201125  09:14:00,26590.0,26590.0,26570.0,26570.0,172,109
20201210,20201125  09:15:00,26580.0,26590.0,26580.0,26580.0,275,163
20201210,20201125  09:16:00,26580.0,26640.0,26580.0,26630.0,840,491
20201210,20201125  09:17:00,26630.0,26680.0,26630.0,26660.0,814,444
20201210,20201125  09:18:00,26660.0,26700.0,26660.0,26680.0,386,194
20201210,20201125  09:19:00,26680.0,26690.0,26670.0,26670.0,282,157
20201210,20201125  09:20:00,26670.0,26670.0,26650.0,26660.0,374,221
20201210,20201125  09:21:00,26660.0,26670.0,26660.0,26670.0,213,130
20201210,20201125  09:22:00,26670.0,26680.0,26670.0,26680.0,142,80
20201210,20201125  09:23:00,26680.0,26710.0,26680.0,26700.0,318,145
20201210,20201125  09:24:00,26700.0,26720.0,26690.0,26690.0,333,204
20201210,20201125  09:25:00,26690.0,26710.0,26690.0,26710.0,420,243
20201210,20201125  09:26:00,26710.0,26710.0,26700.0,26700.0,120,70
20201210,20201125  09:27:00,26690.0,26700.0,26690.0,26690.0,191,100
20201210,20201125  09:28:00,26680.0,26690.0,26680.0,26680.0,157,85
20201210,20201125  09:29:00,26680.0,26680.0,26680.0,26680.0,44,29
20201210,20201125  09:30:00,26680.0,26680.0,26670.0,26670.0,173,107
20201210,20201125  09:31:00,26670.0,26700.0,26670.0,26670.0,250,157
20201210,20201125  09:32:00,26670.0,26690.0,26660.0,26690.0,603,327
20201210,20201125  09:33:00,26690.0,26700.0,26690.0,26700.0,249,130
20201210,20201125  09:34:00,26700.0,26700.0,26660.0,26660.0,230,117
20201210,20201125  09:35:00,26670.0,26680.0,26670.0,26680.0,111,60
20201210,20201125  09:36:00,26680.0,26680.0,26670.0,26670.0,188,77
20201210,20201125  09:37:00,26670.0,26670.0,26670.0,26670.0,27,11
20201210,20201125  09:38:00,26670.0,26680.0,26670.0,26670.0,99,45
20201210,20201125  09:39:00,26660.0,26660.0,26660.0,26660.0,229,119
20201210,20201125  09:40:00,26660.0,26660.0,26650.0,26650.0,111,65
20201210,20201125  09:41:00,26660.0,26660.0,26630.0,26640.0,598,307
20201210,20201125  09:42:00,26640.0,26640.0,26620.0,26630.0,386,213
20201210,20201125  09:43:00,26630.0,26640.0,26630.0,26640.0,235,106
20201210,20201125  09:44:00,26630.0,26640.0,26630.0,26640.0,189,93
20201210,20201125  09:45:00,26640.0,26660.0,26640.0,26660.0,234,127
20201210,20201125  09:46:00,26660.0,26660.0,26650.0,26660.0,157,79
20201210,20201125  09:47:00,26660.0,26660.0,26650.0,26660.0,512,204
20201210,20201125  09:48:00,26660.0,26660.0,26660.0,26660.0,28,16
20201210,20201125  09:49:00,26660.0,26680.0,26660.0,26670.0,480,194
20201210,20201125  09:50:00,26680.0,26680.0,26670.0,26670.0,376,200
20201210,20201125  09:51:00,26680.0,26690.0,26680.0,26680.0,129,70
20201210,20201125  09:52:00,26690.0,26690.0,26680.0,26680.0,133,70
20201210,20201125  09:53:00,26680.0,26680.0,26670.0,26670.0,65,33
20201210,20201125  09:54:00,26660.0,26670.0,26660.0,26660.0,138,71
20201210,20201125  09:55:00,26660.0,26660.0,26650.0,26650.0,173,93
20201210,20201125  09:56:00,26650.0,26660.0,26650.0,26660.0,155,82
20201210,20201125  09:57:00,26650.0,26660.0,26650.0,26660.0,116,71
20201210,20201125  09:58:00,26670.0,26680.0,26670.0,26680.0,51,35
20201210,20201125  09:59:00,26680.0,26680.0,26670.0,26670.0,124,63
20201210,20201125  10:00:00,26670.0,26670.0,26670.0,26670.0,39,20
20201210,20201125  10:01:00,26670.0,26680.0,26670.0,26670.0,93,40
20201210,20201125  10:02:00,26670.0,26680.0,26670.0,26670.0,144,74
20201210,20201125  10:03:00,26670.0,26680.0,26670.0,26670.0,152,50
20201210,20201125  10:04:00,26660.0,26660.0,26660.0,26660.0,227,130
20201210,20201125  10:05:00,26660.0,26660.0,26660.0,26660.0,124,73
20201210,20201125  10:06:00,26660.0,26680.0,26660.0,26680.0,113,65
20201210,20201125  10:07:00,26680.0,26680.0,26670.0,26670.0,114,75
20201210,20201125  10:08:00,26670.0,26670.0,26670.0,26670.0,11,6
20201210,20201125  10:09:00,26680.0,26690.0,26670.0,26680.0,193,75
20201210,20201125  10:10:00,26680.0,26680.0,26680.0,26680.0,75,52
20201210,20201125  10:11:00,26680.0,26680.0,26670.0,26670.0,78,54
20201210,20201125  10:12:00,26670.0,26670.0,26660.0,26660.0,88,38
20201210,20201125  10:13:00,26660.0,26660.0,26660.0,26660.0,13,10
20201210,20201125  10:14:00,26660.0,26670.0,26650.0,26650.0,85,59
20201210,20201125  10:15:00,26650.0,26650.0,26650.0,26650.0,171,100
20201210,20201125  10:16:00,26650.0,26660.0,26650.0,26660.0,84,48
20201210,20201125  10:17:00,26650.0,26650.0,26650.0,26650.0,5,4
20201210,20201125  10:18:00,26650.0,26650.0,26640.0,26640.0,46,30
20201210,20201125  10:19:00,26650.0,26660.0,26650.0,26660.0,173,108
20201210,20201125  10:20:00,26670.0,26670.0,26660.0,26670.0,488,225
20201210,20201125  10:21:00,26670.0,26680.0,26670.0,26680.0,125,61
20201210,20201125  10:22:00,26680.0,26680.0,26680.0,26680.0,87,49
20201210,20201125  10:23:00,26680.0,26680.0,26680.0,26680.0,13,11
20201210,20201125  10:24:00,26670.0,26680.0,26670.0,26680.0,107,78
20201210,20201125  10:25:00,26680.0,26690.0,26680.0,26690.0,50,35
20201210,20201125  10:26:00,26690.0,26690.0,26690.0,26690.0,152,90
20201210,20201125  10:27:00,26690.0,26700.0,26690.0,26690.0,95,48
20201210,20201125  10:28:00,26690.0,26690.0,26690.0,26690.0,45,34
20201210,20201125  10:29:00,26690.0,26690.0,26690.0,26690.0,33,18
20201210,20201125  10:30:00,26690.0,26690.0,26690.0,26690.0,64,28
20201210,20201125  10:31:00,26690.0,26690.0,26680.0,26680.0,168,73
20201210,20201125  10:32:00,26680.0,26680.0,26660.0,26670.0,253,118
20201210,20201125  10:33:00,26670.0,26670.0,26660.0,26670.0,58,15
20201210,20201125  10:34:00,26680.0,26680.0,26680.0,26680.0,1,1
20201210,20201125  10:35:00,26670.0,26680.0,26670.0,26680.0,39,19
20201210,20201125  10:36:00,26680.0,26680.0,26670.0,26670.0,80,38
20201210,20201125  10:37:00,26680.0,26680.0,26680.0,26680.0,42,25
20201210,20201125  10:38:00,26690.0,26690.0,26690.0,26690.0,25,16
20201210,20201125  10:39:00,26690.0,26690.0,26680.0,26690.0,43,22
20201210,20201125  10:40:00,26680.0,26680.0,26660.0,26660.0,170,59
20201210,20201125  10:41:00,26660.0,26660.0,26650.0,26650.0,223,44
20201210,20201125  10:42:00,26650.0,26650.0,26650.0,26650.0,11,8
20201210,20201125  10:43:00,26660.0,26670.0,26660.0,26660.0,176,94
20201210,20201125  10:44:00,26670.0,26670.0,26670.0,26670.0,3,3
20201210,20201125  10:45:00,26670.0,26670.0,26650.0,26660.0,247,139
20201210,20201125  10:46:00,26660.0,26660.0,26650.0,26650.0,119,74
20201210,20201125  10:47:00,26650.0,26660.0,26640.0,26640.0,126,64
20201210,20201125  10:48:00,26640.0,26640.0,26640.0,26640.0,16,7
20201210,20201125  10:49:00,26640.0,26640.0,26630.0,26630.0,250,116
20201210,20201125  10:50:00,26630.0,26640.0,26630.0,26640.0,342,188
20201210,20201125  10:51:00,26640.0,26640.0,26630.0,26630.0,67,51
20201210,20201125  10:52:00,26630.0,26630.0,26620.0,26620.0,251,131
20201210,20201125  10:53:00,26630.0,26630.0,26630.0,26630.0,76,40
20201210,20201125  10:54:00,26630.0,26630.0,26620.0,26630.0,338,55
20201210,20201125  10:55:00,26630.0,26630.0,26630.0,26630.0,118,64
20201210,20201125  10:56:00,26620.0,26620.0,26610.0,26620.0,138,64
20201210,20201125  10:57:00,26610.0,26610.0,26610.0,26610.0,305,181
20201210,20201125  10:58:00,26620.0,26630.0,26620.0,26630.0,110,50
20201210,20201125  10:59:00,26620.0,26620.0,26620.0,26620.0,6,4
20201210,20201125  11:00:00,26630.0,26640.0,26630.0,26640.0,81,45
20201210,20201125  11:01:00,26640.0,26650.0,26640.0,26650.0,106,60
20201210,20201125  11:02:00,26650.0,26650.0,26650.0,26650.0,103,56
20201210,20201125  11:03:00,26660.0,26660.0,26650.0,26660.0,24,12
20201210,20201125  11:04:00,26650.0,26650.0,26650.0,26650.0,224,120
20201210,20201125  11:05:00,26640.0,26640.0,26620.0,26620.0,192,104
20201210,20201125  11:06:00,26610.0,26610.0,26600.0,26600.0,226,133
20201210,20201125  11:07:00,26600.0,26600.0,26580.0,26590.0,310,172
20201210,20201125  11:08:00,26580.0,26590.0,26570.0,26590.0,206,109
20201210,20201125  11:09:00,26590.0,26600.0,26590.0,26600.0,92,72
20201210,20201125  11:10:00,26600.0,26610.0,26600.0,26610.0,153,93
20201210,20201125  11:11:00,26620.0,26620.0,26620.0,26620.0,77,25
20201210,20201125  11:12:00,26610.0,26620.0,26610.0,26610.0,166,86
20201210,20201125  11:13:00,26610.0,26610.0,26600.0,26600.0,128,78
20201210,20201125  11:14:00,26610.0,26610.0,26610.0,26610.0,64,34
20201210,20201125  11:15:00,26600.0,26600.0,26600.0,26600.0,66,30
20201210,20201125  11:16:00,26610.0,26610.0,26610.0,26610.0,45,31
20201210,20201125  11:17:00,26610.0,26610.0,26610.0,26610.0,177,100
20201210,20201125  11:18:00,26610.0,26610.0,26610.0,26610.0,62,40
20201210,20201125  11:19:00,26610.0,26610.0,26610.0,26610.0,39,5
20201210,20201125  11:20:00,26610.0,26620.0,26600.0,26610.0,182,94
20201210,20201125  11:21:00,26610.0,26610.0,26610.0,26610.0,0,0
20201210,20201125  11:22:00,26610.0,26610.0,26610.0,26610.0,51,37
20201210,20201125  11:23:00,26610.0,26610.0,26610.0,26610.0,153,74
20201210,20201125  11:24:00,26610.0,26610.0,26600.0,26600.0,30,14
20201210,20201125  11:25:00,26600.0,26600.0,26600.0,26600.0,197,102
20201210,20201125  11:26:00,26600.0,26600.0,26590.0,26600.0,27,23
20201210,20201125  11:27:00,26590.0,26600.0,26590.0,26590.0,94,51
20201210,20201125  11:28:00,26580.0,26580.0,26580.0,26580.0,5,5
20201210,20201125  11:29:00,26590.0,26590.0,26580.0,26580.0,103,62
20201210,20201125  11:30:00,26570.0,26570.0,26560.0,26570.0,352,121
20201210,20201125  11:31:00,26570.0,26590.0,26570.0,26580.0,46,30
20201210,20201125  11:32:00,26580.0,26580.0,26580.0,26580.0,12,4
20201210,20201125  11:33:00,26580.0,26580.0,26570.0,26570.0,119,74
20201210,20201125  11:34:00,26570.0,26570.0,26570.0,26570.0,12,11
20201210,20201125  11:35:00,26580.0,26580.0,26580.0,26580.0,9,7
20201210,20201125  11:36:00,26580.0,26580.0,26580.0,26580.0,69,40
20201210,20201125  11:37:00,26580.0,26580.0,26580.0,26580.0,44,30
20201210,20201125  11:38:00,26580.0,26580.0,26580.0,26580.0,43,32
20201210,20201125  11:39:00,26570.0,26570.0,26570.0,26570.0,21,18
20201210,20201125  11:40:00,26560.0,26560.0,26560.0,26560.0,145,69
20201210,20201125  11:41:00,26570.0,26570.0,26570.0,26570.0,62,46
20201210,20201125  11:42:00,26570.0,26570.0,26570.0,26570.0,11,9
20201210,20201125  11:43:00,26570.0,26570.0,26560.0,26560.0,143,87
20201210,20201125  11:44:00,26560.0,26560.0,26560.0,26560.0,55,33
20201210,20201125  11:45:00,26550.0,26550.0,26550.0,26550.0,129,65
20201210,20201125  11:46:00,26540.0,26540.0,26540.0,26540.0,11,9
20201210,20201125  11:47:00,26540.0,26540.0,26530.0,26530.0,87,45
20201210,20201125  11:48:00,26540.0,26540.0,26540.0,26540.0,58,30
20201210,20201125  11:49:00,26540.0,26540.0,26540.0,26540.0,14,12
20201210,20201125  11:50:00,26540.0,26540.0,26540.0,26540.0,4,4
20201210,20201125  11:51:00,26530.0,26530.0,26520.0,26520.0,88,64
20201210,20201125  11:52:00,26520.0,26530.0,26520.0,26520.0,78,46
20201210,20201125  11:53:00,26520.0,26520.0,26520.0,26520.0,1,1
20201210,20201125  11:54:00,26520.0,26530.0,26520.0,26530.0,50,32
20201210,20201125  11:55:00,26530.0,26530.0,26530.0,26530.0,25,20
20201210,20201125  11:56:00,26530.0,26530.0,26530.0,26530.0,10,9
20201210,20201125  11:57:00,26530.0,26530.0,26530.0,26530.0,88,46
20201210,20201125  11:58:00,26530.0,26530.0,26530.0,26530.0,0,0
20201210,20201125  11:59:00,26540.0,26540.0,26540.0,26540.0,51,29
20201210,20201125  12:00:00,26550.0,26550.0,26540.0,26540.0,105,71
20201210,20201125  12:01:00,26540.0,26540.0,26540.0,26540.0,177,97
20201210,20201125  12:02:00,26540.0,26540.0,26540.0,26540.0,51,38
20201210,20201125  12:03:00,26540.0,26540.0,26540.0,26540.0,52,37
20201210,20201125  12:04:00,26550.0,26550.0,26540.0,26540.0,6,6
20201210,20201125  12:05:00,26550.0,26550.0,26520.0,26520.0,181,118
20201210,20201125  12:06:00,26530.0,26530.0,26530.0,26530.0,3,2
20201210,20201125  12:07:00,26530.0,26530.0,26520.0,26520.0,58,36
20201210,20201125  12:08:00,26520.0,26520.0,26520.0,26520.0,91,56
20201210,20201125  12:09:00,26530.0,26530.0,26520.0,26520.0,2,2
20201210,20201125  12:10:00,26520.0,26530.0,26520.0,26530.0,2,2
20201210,20201125  12:11:00,26530.0,26530.0,26530.0,26530.0,182,100
20201210,20201125  12:12:00,26530.0,26550.0,26530.0,26550.0,112,64
20201210,20201125  12:13:00,26550.0,26550.0,26550.0,26550.0,41,24
20201210,20201125  12:14:00,26560.0,26560.0,26560.0,26560.0,27,19
20201210,20201125  12:15:00,26550.0,26550.0,26540.0,26540.0,99,51
20201210,20201125  12:16:00,26540.0,26540.0,26530.0,26530.0,38,24
20201210,20201125  12:17:00,26530.0,26530.0,26530.0,26530.0,14,11
20201210,20201125  12:18:00,26530.0,26530.0,26530.0,26530.0,44,21
20201210,20201125  12:19:00,26520.0,26520.0,26500.0,26500.0,241,132
20201210,20201125  12:20:00,26500.0,26520.0,26500.0,26520.0,193,108
20201210,20201125  12:21:00,26520.0,26540.0,26520.0,26540.0,103,54
20201210,20201125  12:22:00,26540.0,26540.0,26540.0,26540.0,1,1
20201210,20201125  12:23:00,26540.0,26540.0,26540.0,26540.0,105,54
20201210,20201125  12:24:00,26540.0,26540.0,26540.0,26540.0,53,30
20201210,20201125  12:25:00,26540.0,26540.0,26540.0,26540.0,0,0
20201210,20201125  12:26:00,26540.0,26540.0,26540.0,26540.0,1,1
20201210,20201125  12:27:00,26540.0,26540.0,26530.0,26530.0,126,61
20201210,20201125  12:28:00,26530.0,26540.0,26530.0,26540.0,63,35
20201210,20201125  12:29:00,26550.0,26550.0,26550.0,26550.0,146,68
20201210,20201125  12:30:00,26540.0,26550.0,26540.0,26550.0,173,103
20201210,20201125  12:31:00,26560.0,26570.0,26560.0,26560.0,450,236
20201210,20201125  12:32:00,26560.0,26560.0,26550.0,26560.0,124,78
20201210,20201125  12:33:00,26570.0,26570.0,26560.0,26560.0,212,109
20201210,20201125  12:34:00,26560.0,26570.0,26560.0,26570.0,298,165
20201210,20201125  12:35:00,26560.0,26560.0,26550.0,26550.0,213,110
20201210,20201125  12:36:00,26540.0,26540.0,26530.0,26530.0,202,108
20201210,20201125  12:37:00,26520.0,26520.0,26490.0,26490.0,374,209
20201210,20201125  12:38:00,26480.0,26490.0,26480.0,26480.0,381,197
20201210,20201125  12:39:00,26490.0,26490.0,26460.0,26470.0,470,218
20201210,20201125  12:40:00,26470.0,26470.0,26410.0,26440.0,629,389
20201210,20201125  12:41:00,26440.0,26450.0,26420.0,26420.0,511,290
20201210,20201125  12:42:00,26430.0,26430.0,26320.0,26360.0,1277,670
20201210,20201125  12:43:00,26360.0,26390.0,26350.0,26380.0,950,412
20201210,20201125  12:44:00,26380.0,26420.0,26380.0,26420.0,449,255
20201210,20201125  12:45:00,26420.0,26420.0,26410.0,26410.0,260,145
20201210,20201125  12:46:00,26420.0,26430.0,26400.0,26400.0,378,184
20201210,20201125  12:47:00,26390.0,26390.0,26370.0,26380.0,417,234
20201210,20201125  12:48:00,26380.0,26430.0,26380.0,26420.0,309,170
20201210,20201125  12:49:00,26420.0,26430.0,26410.0,26430.0,247,133
20201210,20201125  12:50:00,26430.0,26450.0,26430.0,26440.0,219,114
20201210,20201125  12:51:00,26440.0,26460.0,26440.0,26450.0,741,341
20201210,20201125  12:52:00,26450.0,26450.0,26430.0,26440.0,181,102
20201210,20201125  12:53:00,26440.0,26440.0,26410.0,26410.0,228,124
20201210,20201125  12:54:00,26420.0,26440.0,26420.0,26440.0,112,53
20201210,20201125  12:55:00,26440.0,26450.0,26440.0,26440.0,224,100
20201210,20201125  12:56:00,26450.0,26450.0,26450.0,26450.0,173,79
20201210,20201125  12:57:00,26450.0,26450.0,26450.0,26450.0,42,27
20201210,20201125  12:58:00,26450.0,26460.0,26440.0,26460.0,473,291
20201210,20201125  12:59:00,26460.0,26470.0,26460.0,26470.0,88,50
20201210,20201125  13:00:00,26470.0,26470.0,26470.0,26470.0,180,93
20201210,20201125  13:01:00,26480.0,26480.0,26470.0,26470.0,23,15
20201210,20201125  13:02:00,26480.0,26480.0,26460.0,26460.0,326,152
20201210,20201125  13:03:00,26450.0,26450.0,26450.0,26450.0,159,90
20201210,20201125  13:04:00,26450.0,26450.0,26450.0,26450.0,54,32
20201210,20201125  13:05:00,26450.0,26450.0,26430.0,26440.0,192,84
20201210,20201125  13:06:00,26450.0,26460.0,26450.0,26460.0,168,82
20201210,20201125  13:07:00,26460.0,26470.0,26460.0,26470.0,22,8
20201210,20201125  13:08:00,26470.0,26470.0,26460.0,26470.0,227,115
20201210,20201125  13:09:00,26470.0,26470.0,26470.0,26470.0,167,55
20201210,20201125  13:10:00,26480.0,26480.0,26470.0,26480.0,238,127
20201210,20201125  13:11:00,26470.0,26470.0,26470.0,26470.0,63,44
20201210,20201125  13:12:00,26480.0,26490.0,26480.0,26490.0,107,56
20201210,20201125  13:13:00,26490.0,26500.0,26480.0,26490.0,172,89
20201210,20201125  13:14:00,26480.0,26490.0,26480.0,26490.0,57,37
20201210,20201125  13:15:00,26490.0,26490.0,26490.0,26490.0,58,35
20201210,20201125  13:16:00,26500.0,26500.0,26500.0,26500.0,155,47
20201210,20201125  13:17:00,26510.0,26510.0,26500.0,26500.0,225,128
20201210,20201125  13:18:00,26500.0,26500.0,26490.0,26500.0,139,86
20201210,20201125  13:19:00,26490.0,26490.0,26490.0,26490.0,78,48
20201210,20201125  13:20:00,26490.0,26490.0,26480.0,26480.0,2,2
20201210,20201125  13:21:00,26480.0,26480.0,26470.0,26470.0,172,72
20201210,20201125  13:22:00,26470.0,26470.0,26460.0,26470.0,213,131
20201210,20201125  13:23:00,26470.0,26470.0,26470.0,26470.0,63,45
20201210,20201125  13:24:00,26470.0,26470.0,26470.0,26470.0,6,4
20201210,20201125  13:25:00,26470.0,26470.0,26450.0,26460.0,241,118
20201210,20201125  13:26:00,26460.0,26460.0,26460.0,26460.0,192,98
20201210,20201125  13:27:00,26460.0,26460.0,26440.0,26440.0,77,40
20201210,20201125  13:28:00,26440.0,26450.0,26440.0,26450.0,48,29
20201210,20201125  13:29:00,26440.0,26440.0,26430.0,26430.0,129,73
20201210,20201125  13:30:00,26420.0,26440.0,26420.0,26430.0,197,99
20201210,20201125  13:31:00,26430.0,26450.0,26430.0,26450.0,150,94
20201210,20201125  13:32:00,26450.0,26450.0,26450.0,26450.0,2,2
20201210,20201125  13:33:00,26440.0,26440.0,26440.0,26440.0,77,51
20201210,20201125  13:34:00,26440.0,26440.0,26440.0,26440.0,17,13
20201210,20201125  13:35:00,26430.0,26430.0,26430.0,26430.0,65,35
20201210,20201125  13:36:00,26420.0,26420.0,26420.0,26420.0,8,5
20201210,20201125  13:37:00,26420.0,26420.0,26420.0,26420.0,8,4
20201210,20201125  13:38:00,26420.0,26420.0,26420.0,26420.0,170,81
20201210,20201125  13:39:00,26420.0,26420.0,26410.0,26410.0,24,12
20201210,20201125  13:40:00,26410.0,26420.0,26410.0,26420.0,154,117
20201210,20201125  13:41:00,26410.0,26410.0,26390.0,26400.0,253,129
20201210,20201125  13:42:00,26410.0,26420.0,26410.0,26420.0,92,49
20201210,20201125  13:43:00,26430.0,26440.0,26430.0,26440.0,129,62
20201210,20201125  13:44:00,26440.0,26440.0,26430.0,26430.0,114,70
20201210,20201125  13:45:00,26420.0,26430.0,26420.0,26430.0,53,41
20201210,20201125  13:46:00,26430.0,26440.0,26420.0,26420.0,124,82
20201210,20201125  13:47:00,26420.0,26420.0,26420.0,26420.0,26,18
20201210,20201125  13:48:00,26410.0,26420.0,26400.0,26420.0,91,60
20201210,20201125  13:49:00,26420.0,26420.0,26410.0,26420.0,96,58
20201210,20201125  13:50:00,26410.0,26410.0,26410.0,26410.0,55,34
20201210,20201125  13:51:00,26400.0,26410.0,26400.0,26410.0,81,48
20201210,20201125  13:52:00,26400.0,26400.0,26400.0,26400.0,81,58
20201210,20201125  13:53:00,26400.0,26400.0,26400.0,26400.0,18,10
20201210,20201125  13:54:00,26390.0,26390.0,26380.0,26390.0,157,85
20201210,20201125  13:55:00,26390.0,26390.0,26380.0,26390.0,70,33
20201210,20201125  13:56:00,26380.0,26400.0,26380.0,26400.0,233,74
20201210,20201125  13:57:00,26400.0,26400.0,26390.0,26390.0,90,57
20201210,20201125  13:58:00,26380.0,26380.0,26370.0,26370.0,66,45
20201210,20201125  13:59:00,26370.0,26370.0,26360.0,26370.0,116,75
20201210,20201125  14:00:00,26370.0,26380.0,26360.0,26380.0,160,96
20201210,20201125  14:01:00,26370.0,26370.0,26360.0,26360.0,82,43
20201210,20201125  14:02:00,26360.0,26360.0,26350.0,26360.0,256,126
20201210,20201125  14:03:00,26360.0,26370.0,26360.0,26370.0,100,67
20201210,20201125  14:04:00,26380.0,26390.0,26380.0,26390.0,119,58
20201210,20201125  14:05:00,26390.0,26390.0,26360.0,26360.0,148,97
20201210,20201125  14:06:00,26370.0,26370.0,26360.0,26360.0,176,88
20201210,20201125  14:07:00,26360.0,26380.0,26340.0,26340.0,325,204
20201210,20201125  14:08:00,26340.0,26360.0,26330.0,26360.0,422,247
20201210,20201125  14:09:00,26350.0,26350.0,26330.0,26330.0,254,152
20201210,20201125  14:10:00,26330.0,26330.0,26310.0,26320.0,620,336
20201210,20201125  14:11:00,26330.0,26330.0,26320.0,26330.0,192,109
20201210,20201125  14:12:00,26330.0,26330.0,26320.0,26320.0,251,168
20201210,20201125  14:13:00,26320.0,26320.0,26300.0,26310.0,242,143
20201210,20201125  14:14:00,26310.0,26310.0,26300.0,26310.0,359,178
20201210,20201125  14:15:00,26300.0,26300.0,26270.0,26270.0,282,178
20201210,20201125  14:16:00,26270.0,26290.0,26260.0,26290.0,315,185
20201210,20201125  14:17:00,26290.0,26310.0,26280.0,26280.0,372,208
20201210,20201125  14:18:00,26280.0,26300.0,26280.0,26290.0,178,103
20201210,20201125  14:19:00,26290.0,26310.0,26260.0,26270.0,340,238
20201210,20201125  14:20:00,26270.0,26290.0,26260.0,26290.0,235,159
20201210,20201125  14:21:00,26280.0,26290.0,26270.0,26270.0,135,95
20201210,20201125  14:22:00,26270.0,26270.0,26260.0,26260.0,238,132
20201210,20201125  14:23:00,26260.0,26290.0,26260.0,26290.0,129,94
20201210,20201125  14:24:00,26290.0,26300.0,26290.0,26300.0,184,99
20201210,20201125  14:25:00,26310.0,26340.0,26310.0,26340.0,467,266
20201210,20201125  14:26:00,26340.0,26340.0,26330.0,26330.0,204,130
20201210,20201125  14:27:00,26330.0,26330.0,26320.0,26320.0,112,75
20201210,20201125  14:28:00,26310.0,26320.0,26310.0,26320.0,175,105
20201210,20201125  14:29:00,26320.0,26330.0,26320.0,26320.0,172,119
20201210,20201125  14:30:00,26320.0,26320.0,26320.0,26320.0,64,43
20201210,20201125  14:31:00,26320.0,26340.0,26320.0,26340.0,152,87
20201210,20201125  14:32:00,26340.0,26340.0,26340.0,26340.0,57,29
20201210,20201125  14:33:00,26350.0,26350.0,26350.0,26350.0,154,92
20201210,20201125  14:34:00,26360.0,26370.0,26360.0,26370.0,287,141
20201210,20201125  14:35:00,26360.0,26390.0,26360.0,26390.0,180,110
20201210,20201125  14:36:00,26390.0,26390.0,26360.0,26370.0,234,124
20201210,20201125  14:37:00,26360.0,26370.0,26360.0,26370.0,136,71
20201210,20201125  14:38:00,26370.0,26380.0,26370.0,26380.0,141,96
20201210,20201125  14:39:00,26380.0,26380.0,26370.0,26370.0,195,106
20201210,20201125  14:40:00,26370.0,26370.0,26360.0,26370.0,103,48
20201210,20201125  14:41:00,26380.0,26390.0,26380.0,26390.0,258,134
20201210,20201125  14:42:00,26390.0,26390.0,26380.0,26390.0,116,63
20201210,20201125  14:43:00,26390.0,26410.0,26390.0,26410.0,150,84
20201210,20201125  14:44:00,26410.0,26410.0,26390.0,26400.0,298,180
20201210,20201125  14:45:00,26400.0,26400.0,26380.0,26380.0,158,95
20201210,20201125  14:46:00,26380.0,26390.0,26380.0,26380.0,68,38
20201210,20201125  14:47:00,26370.0,26380.0,26370.0,26370.0,115,61
20201210,20201125  14:48:00,26370.0,26380.0,26370.0,26380.0,141,53
20201210,20201125  14:49:00,26380.0,26380.0,26370.0,26370.0,88,53
20201210,20201125  14:50:00,26370.0,26380.0,26370.0,26380.0,67,45
20201210,20201125  14:51:00,26370.0,26370.0,26370.0,26370.0,36,30
20201210,20201125  14:52:00,26370.0,26370.0,26350.0,26350.0,180,90
20201210,20201125  14:53:00,26350.0,26360.0,26330.0,26330.0,208,117
20201210,20201125  14:54:00,26320.0,26330.0,26310.0,26320.0,628,301
20201210,20201125  14:55:00,26320.0,26320.0,26300.0,26300.0,304,173
20201210,20201125  14:56:00,26300.0,26320.0,26290.0,26320.0,287,146
20201210,20201125  14:57:00,26310.0,26320.0,26300.0,26310.0,350,183
20201210,20201125  14:58:00,26310.0,26310.0,26290.0,26290.0,348,188
20201210,20201125  14:59:00,26300.0,26300.0,26280.0,26280.0,819,402
20201210,20201125  15:00:00,26290.0,26350.0,26280.0,26350.0,1195,611
20201210,20201125  15:01:00,26340.0,26350.0,26340.0,26340.0,186,90
20201210,20201125  15:02:00,26350.0,26350.0,26340.0,26340.0,220,130
20201210,20201125  15:03:00,26350.0,26360.0,26350.0,26360.0,365,202
20201210,20201125  15:04:00,26360.0,26360.0,26350.0,26350.0,105,54
20201210,20201125  15:05:00,26360.0,26370.0,26360.0,26370.0,179,117
20201210,20201125  15:06:00,26370.0,26380.0,26370.0,26370.0,276,178
20201210,20201125  15:07:00,26370.0,26390.0,26370.0,26380.0,276,157
20201210,20201125  15:08:00,26380.0,26380.0,26370.0,26370.0,50,34
20201210,20201125  15:09:00,26380.0,26390.0,26370.0,26390.0,153,90
20201210,20201125  15:10:00,26390.0,26390.0,26390.0,26390.0,0,0
20201210,20201125  15:11:00,26390.0,26390.0,26390.0,26390.0,0,0
20201210,20201125  15:12:00,26390.0,26390.0,26390.0,26390.0,0,0
20201210,20201125  15:13:00,26390.0,26390.0,26390.0,26390.0,0,0
20201210,20201125  15:14:00,26390.0,26390.0,26390.0,26390.0,0,0
